meeting_id,speaker,da_id,da_type,da_type_id,start_time,end_time,duration_ms,text
ES2002a,B,ES2002a.B.dialog-act.dharshi.107,comment-about-understanding,ami_da_12,539.31,541.17,1860.0,Think it will ?
ES2002a,B,ES2002a.B.dialog-act.dharshi.152,comment-about-understanding,ami_da_12,772.8,774.17,1370.0,Five minutes to end of meeting .
ES2002a,D,ES2002a.D.dialog-act.dharshi.53,comment-about-understanding,ami_da_12,499.16,502.11,2950.0,"Uh , so bas at twel"
ES2002a,D,ES2002a.D.dialog-act.dharshi.178,elicit-comment-understanding,ami_da_13,1056.51,1057.14,630.0,right ?
ES2002b,B,ES2002b.B.dialog-act.dharshi.3,comment-about-understanding,ami_da_12,19.66,20.39,730.0,Sorry ?
ES2002b,D,ES2002b.D.dialog-act.dharshi.29,comment-about-understanding,ami_da_12,477.66,478.27,610.0,Which was that ?
ES2002b,D,ES2002b.D.dialog-act.dharshi.104,elicit-comment-understanding,ami_da_13,818.35,820.34,1990.0,So um does that make sense ?
ES2002c,A,ES2002c.A.dialog-act.dharshi.106,elicit-comment-understanding,ami_da_13,1211.78,1213.07,1290.0,You know
ES2002c,A,ES2002c.A.dialog-act.dharshi.107,elicit-comment-understanding,ami_da_13,1213.07,1213.58,510.0,you know
ES2002c,B,ES2002c.B.dialog-act.dharshi.55,comment-about-understanding,ami_da_12,563.45,564.31,860.0,Ah .
ES2002c,B,ES2002c.B.dialog-act.dharshi.100,comment-about-understanding,ami_da_12,1166.42,1168.04,1620.0,I'll clear one of these things for you .
ES2002c,B,ES2002c.B.dialog-act.dharshi.101,comment-about-understanding,ami_da_12,1168.76,1170.28,1520.0,Just by moving it yeah .
ES2002c,B,ES2002c.B.dialog-act.dharshi.182,comment-about-understanding,ami_da_12,1650.05,1651.01,960.0,A snowman shape ?
ES2002c,B,ES2002c.B.dialog-act.dharshi.183,comment-about-understanding,ami_da_12,1653.14,1653.49,350.0,Uh-huh .
ES2002c,B,ES2002c.B.dialog-act.dharshi.266,comment-about-understanding,ami_da_12,2056.02,2062.56,6540.0,"S so like cur slightly transparent case , so it's yellow , like tinted yellow , but you can maybe see through it ."
ES2002c,D,ES2002c.D.dialog-act.dharshi.69,elicit-comment-understanding,ami_da_13,355.57,356.15,580.0,do you know what I mean ?
ES2002c,D,ES2002c.D.dialog-act.dharshi.94,elicit-comment-understanding,ami_da_13,449.43,450.57,1140.0,You know what a Mac iPod is ?
ES2002c,D,ES2002c.D.dialog-act.dharshi.111,elicit-comment-understanding,ami_da_13,503.75,504.74,990.0,Does that make sense ?
ES2002c,D,ES2002c.D.dialog-act.dharshi.183,comment-about-understanding,ami_da_12,1302.79,1304.31,1520.0,It can't be curved .
ES2002c,D,ES2002c.D.dialog-act.dharshi.219,comment-about-understanding,ami_da_12,1501.81,1502.18,370.0,What's that ?
ES2002c,D,ES2002c.D.dialog-act.dharshi.237,elicit-comment-understanding,ami_da_13,1641.17,1641.81,640.0,Do you know what I mean ?
ES2002d,B,ES2002d.B.dialog-act.dharshi.48,comment-about-understanding,ami_da_12,265.35,267.02,1670.0,"so that's like an okay button , right ."
ES2002d,B,ES2002d.B.dialog-act.dharshi.51,comment-about-understanding,ami_da_12,278.14,279.61,1470.0,like depth of the actual thing .
ES2002d,B,ES2002d.B.dialog-act.dharshi.56,comment-about-understanding,ami_da_12,308.08,309.76,1680.0,Okay jog-dial for volume .
ES2002d,B,ES2002d.B.dialog-act.dharshi.58,comment-about-understanding,ami_da_12,318.84,320.86,2020.0,"Contrast ,"
ES2002d,B,ES2002d.B.dialog-act.dharshi.64,comment-about-understanding,ami_da_12,342.18,343.81,1630.0,Okay channel tuning .
ES2002d,B,ES2002d.B.dialog-act.dharshi.87,comment-about-understanding,ami_da_12,424.94,425.61,670.0,No .
ES2002d,B,ES2002d.B.dialog-act.dharshi.93,comment-about-understanding,ami_da_12,435.99,436.74,750.0,Advanced chip .
ES2002d,B,ES2002d.B.dialog-act.dharshi.111,comment-about-understanding,ami_da_12,503.89,506.05,2160.0,so push button and integrated scroll wheel push
ES2002d,B,ES2002d.B.dialog-act.dharshi.118,comment-about-understanding,ami_da_12,523.59,524.78,1190.0,Four .
ES2002d,B,ES2002d.B.dialog-act.dharshi.124,comment-about-understanding,ami_da_12,542.35,542.93,580.0,no
ES2002d,B,ES2002d.B.dialog-act.dharshi.149,comment-about-understanding,ami_da_12,617.09,617.93,840.0,regular chip .
ES2002d,B,ES2002d.B.dialog-act.dharshi.154,comment-about-understanding,ami_da_12,633.87,634.73,860.0,Twelve buttons .
ES2002d,B,ES2002d.B.dialog-act.dharshi.234,comment-about-understanding,ami_da_12,1034.12,1034.98,860.0,Mm 'kay .
ES2002d,B,ES2002d.B.dialog-act.dharshi.458,comment-about-understanding,ami_da_12,2243.01,2243.56,550.0,You dunno ?
ES2002d,B,ES2002d.B.dialog-act.dharshi.465,comment-about-understanding,ami_da_12,2259.82,2260.57,750.0,Just a logo
ES2002d,C,ES2002d.C.dialog-act.dharshi.3,comment-about-understanding,ami_da_12,114.85,115.84,990.0,"Ah , right ."
ES2002d,C,ES2002d.C.dialog-act.dharshi.34,comment-about-understanding,ami_da_12,273.12,273.83,710.0,How high is it ?
ES2002d,C,ES2002d.C.dialog-act.dharshi.120,comment-about-understanding,ami_da_12,956.75,957.21,460.0,What's that ?
ES2002d,C,ES2002d.C.dialog-act.dharshi.142,elicit-comment-understanding,ami_da_13,1033.93,1035.05,1120.0,okay .
ES2002d,C,ES2002d.C.dialog-act.dharshi.452,comment-about-understanding,ami_da_12,2249.94,2250.62,680.0,What did you call it ?
ES2002d,D,ES2002d.D.dialog-act.dharshi.74,comment-about-understanding,ami_da_12,1092.03,1093.2,1170.0,"Ah , okay"
ES2003a,B,ES2003a.B.dialog-act.vkaraisk.9,comment-about-understanding,ami_da_12,21.97,24.41,2440.0,N_ E_ Z_ .
ES2003a,B,ES2003a.B.dialog-act.vkaraisk.10,comment-about-understanding,ami_da_12,24.41,24.9,490.0,Ebenezer .
ES2003a,B,ES2003a.B.dialog-act.vkaraisk.12,comment-about-understanding,ami_da_12,28.5,30.19,1690.0,"You're the Marketing Expert , okay ."
ES2003a,B,ES2003a.B.dialog-act.vkaraisk.14,comment-about-understanding,ami_da_12,36.52,38.29,1770.0,T_ R_ I_ K_ .
ES2003a,B,ES2003a.B.dialog-act.vkaraisk.16,comment-about-understanding,ami_da_12,41.01,41.95,940.0,Industrial Designer .
ES2003a,B,ES2003a.B.dialog-act.vkaraisk.20,comment-about-understanding,ami_da_12,55.07,57.21,2140.0,Designer . Okay .
ES2003a,B,ES2003a.B.dialog-act.vkaraisk.104,comment-about-understanding,ami_da_12,927.99,928.19,200.0,Yeah
ES2003a,B,ES2003a.B.dialog-act.vkaraisk.107,comment-about-understanding,ami_da_12,930.05,930.25,200.0,yeah .
ES2003a,B,ES2003a.B.dialog-act.vkaraisk.144,elicit-comment-understanding,ami_da_13,1110.46,1111.74,1280.0,Yeah ?
ES2003a,C,ES2003a.C.dialog-act.vkaraisk.43,comment-about-understanding,ami_da_12,710.55,710.77,220.0,okay .
ES2003a,C,ES2003a.C.dialog-act.vkaraisk.70,comment-about-understanding,ami_da_12,1008.75,1010.32,1570.0,"Oh . Okay , ."
ES2003a,C,ES2003a.C.dialog-act.vkaraisk.72,comment-about-understanding,ami_da_12,1109.99,1111.08,1090.0,'Kay .
ES2003a,D,ES2003a.D.dialog-act.vkaraisk.7,comment-about-understanding,ami_da_12,258.29,258.68,390.0,"Oh right ,"
ES2003a,D,ES2003a.D.dialog-act.vkaraisk.9,comment-about-understanding,ami_da_12,263.78,264.31,530.0,Ah-ha .
ES2003b,B,ES2003b.B.dialog-act.vkaraisk.8,comment-about-understanding,ami_da_12,21.55,22.21,660.0,Your username .
ES2003b,B,ES2003b.B.dialog-act.vkaraisk.43,comment-about-understanding,ami_da_12,176.2,176.33,130.0,Oh
ES2003b,B,ES2003b.B.dialog-act.vkaraisk.48,comment-about-understanding,ami_da_12,187.64,188.76,1120.0,Yeah ?
ES2003b,B,ES2003b.B.dialog-act.vkaraisk.66,comment-about-understanding,ami_da_12,539.45,540.03,580.0,Okay .
ES2003b,B,ES2003b.B.dialog-act.vkaraisk.82,comment-about-understanding,ami_da_12,979.25,979.42,170.0,Oh .
ES2003b,B,ES2003b.B.dialog-act.vkaraisk.89,comment-about-understanding,ami_da_12,1022.73,1023.88,1150.0,yeah ?
ES2003b,B,ES2003b.B.dialog-act.vkaraisk.157,comment-about-understanding,ami_da_12,1470.52,1471.91,1390.0,"I can understand your point ,"
ES2003b,B,ES2003b.B.dialog-act.vkaraisk.222,comment-about-understanding,ami_da_12,1727.62,1730.81,3190.0,"Vol Volume selection okay , yep ,"
ES2003b,B,ES2003b.B.dialog-act.vkaraisk.246,comment-about-understanding,ami_da_12,1849.22,1849.49,270.0,Sorry ?
ES2003b,C,ES2003b.C.dialog-act.vkaraisk.3,comment-about-understanding,ami_da_12,17.17,17.52,350.0,yeah .
ES2003b,C,ES2003b.C.dialog-act.vkaraisk.143,comment-about-understanding,ami_da_12,515.23,515.56,330.0,I'm sorry ?
ES2003b,C,ES2003b.C.dialog-act.vkaraisk.173,elicit-comment-understanding,ami_da_13,1260.75,1261.56,810.0,"you know what I'm saying ,"
ES2003b,C,ES2003b.C.dialog-act.vkaraisk.175,comment-about-understanding,ami_da_12,1276.64,1277.41,770.0,"Most people , yeah ."
ES2003b,C,ES2003b.C.dialog-act.vkaraisk.184,comment-about-understanding,ami_da_12,1503.49,1506.7,3210.0,"Hmm . Okay , specifically television ."
ES2003b,C,ES2003b.C.dialog-act.vkaraisk.186,comment-about-understanding,ami_da_12,1517.33,1517.58,250.0,Okay .
ES2003b,C,ES2003b.C.dialog-act.vkaraisk.214,comment-about-understanding,ami_da_12,1734.07,1734.67,600.0,okay okay .
ES2003b,D,ES2003b.D.dialog-act.vkaraisk.3,comment-about-understanding,ami_da_12,542.72,543.11,390.0,Oh .
ES2003b,D,ES2003b.D.dialog-act.vkaraisk.4,comment-about-understanding,ami_da_12,545.28,545.76,480.0,"Ah , okay ."
ES2003b,D,ES2003b.D.dialog-act.vkaraisk.78,comment-about-understanding,ami_da_12,1707.32,1707.45,130.0,Yep .
ES2003c,A,ES2003c.A.dialog-act.vkaraisk.54,comment-about-understanding,ami_da_12,898.02,898.38,360.0,Okay .
ES2003c,B,ES2003c.B.dialog-act.vkaraisk.27,comment-about-understanding,ami_da_12,123.78,124.89,1110.0,That's you .
ES2003c,B,ES2003c.B.dialog-act.vkaraisk.30,comment-about-understanding,ami_da_12,129.12,129.84,720.0,Components design .
ES2003c,B,ES2003c.B.dialog-act.vkaraisk.51,comment-about-understanding,ami_da_12,359.17,360.68,1510.0,okay .
ES2003c,B,ES2003c.B.dialog-act.vkaraisk.52,comment-about-understanding,ami_da_12,367.37,367.92,550.0,Alright .
ES2003c,B,ES2003c.B.dialog-act.vkaraisk.89,comment-about-understanding,ami_da_12,669.34,669.74,400.0,"Okay ,"
ES2003c,B,ES2003c.B.dialog-act.vkaraisk.97,comment-about-understanding,ami_da_12,680.84,683.5,2660.0,Yeah . Okay .
ES2003c,C,ES2003c.C.dialog-act.vkaraisk.12,comment-about-understanding,ami_da_12,501.64,502.46,820.0,"Okay , sure ."
ES2003c,C,ES2003c.C.dialog-act.vkaraisk.16,comment-about-understanding,ami_da_12,527.8,528.04,240.0,"Okay ,"
ES2003c,C,ES2003c.C.dialog-act.vkaraisk.22,comment-about-understanding,ami_da_12,979.07,979.41,340.0,Okay .
ES2003c,C,ES2003c.C.dialog-act.vkaraisk.66,comment-about-understanding,ami_da_12,1223.32,1225.66,2340.0,"Okay . Okay ,"
ES2003c,C,ES2003c.C.dialog-act.vkaraisk.142,comment-about-understanding,ami_da_12,1464.34,1464.54,200.0,Yeah .
ES2003c,C,ES2003c.C.dialog-act.vkaraisk.168,comment-about-understanding,ami_da_12,1693.61,1693.89,280.0,Okay .
ES2003c,C,ES2003c.C.dialog-act.vkaraisk.184,comment-about-understanding,ami_da_12,1944.18,1945.72,1540.0,"Oh , that's the okay , sure sure sure ."
ES2003c,C,ES2003c.C.dialog-act.vkaraisk.186,comment-about-understanding,ami_da_12,1964.22,1964.86,640.0,"Okay , sure ."
ES2003c,D,ES2003c.D.dialog-act.vkaraisk.106,comment-about-understanding,ami_da_12,784.06,785.34,1280.0,"Ah , okay ."
ES2003c,D,ES2003c.D.dialog-act.vkaraisk.122,comment-about-understanding,ami_da_12,2047.62,2048.64,1020.0,"Oh right , okay ."
ES2003c,D,ES2003c.D.dialog-act.vkaraisk.125,comment-about-understanding,ami_da_12,2065.65,2066.49,840.0,"Okay , yeah ."
ES2003d,A,ES2003d.A.dialog-act.vkaraisk.87,comment-about-understanding,ami_da_12,1225.61,1226.25,640.0,Alright .
ES2003d,B,ES2003d.B.dialog-act.vkaraisk.54,comment-about-understanding,ami_da_12,588.67,589.13,460.0,Okay .
ES2003d,B,ES2003d.B.dialog-act.vkaraisk.169,comment-about-understanding,ami_da_12,1236.78,1237.03,250.0,"Okay ,"
ES2003d,B,ES2003d.B.dialog-act.vkaraisk.209,comment-about-understanding,ami_da_12,1363.51,1363.71,200.0,Ten .
ES2003d,C,ES2003d.C.dialog-act.vkaraisk.38,comment-about-understanding,ami_da_12,439.6,439.97,370.0,Sure .
ES2003d,C,ES2003d.C.dialog-act.vkaraisk.44,comment-about-understanding,ami_da_12,459.76,461.37,1610.0,Mm . Bright colour .
ES2003d,C,ES2003d.C.dialog-act.vkaraisk.50,comment-about-understanding,ami_da_12,473.16,474.28,1120.0,Number one ?
ES2003d,C,ES2003d.C.dialog-act.vkaraisk.51,comment-about-understanding,ami_da_12,474.28,474.78,500.0,Okay .
ES2003d,C,ES2003d.C.dialog-act.vkaraisk.61,comment-about-understanding,ami_da_12,546.9,548.608,1708.0,What do you mean cr is there anything I wanna
ES2003d,C,ES2003d.C.dialog-act.vkaraisk.100,comment-about-understanding,ami_da_12,943.23,943.95,720.0,Okay .
ES2003d,C,ES2003d.C.dialog-act.vkaraisk.121,elicit-comment-understanding,ami_da_13,1050.18,1050.52,340.0,you know .
ES2003d,C,ES2003d.C.dialog-act.vkaraisk.130,comment-about-understanding,ami_da_12,1135.51,1135.72,210.0,Oh
ES2003d,C,ES2003d.C.dialog-act.vkaraisk.133,comment-about-understanding,ami_da_12,1169.56,1171.32,1760.0,Okay . Sure .
ES2003d,C,ES2003d.C.dialog-act.vkaraisk.145,comment-about-understanding,ami_da_12,1221.92,1223.4,1480.0,You got a email about voice response ?
ES2003d,C,ES2003d.C.dialog-act.vkaraisk.148,comment-about-understanding,ami_da_12,1239.06,1241.18,2120.0,"We won't go with that one , did you say ?"
ES2003d,C,ES2003d.C.dialog-act.vkaraisk.150,comment-about-understanding,ami_da_12,1243.22,1244.57,1350.0,"Okay , okay ."
ES2003d,C,ES2003d.C.dialog-act.vkaraisk.153,comment-about-understanding,ami_da_12,1259.888,1264.29,4402.0,Okay . Okay .
ES2003d,C,ES2003d.C.dialog-act.vkaraisk.154,comment-about-understanding,ami_da_12,1295.66,1297.34,1680.0,"Oh , special colour for the case ."
ES2003d,C,ES2003d.C.dialog-act.vkaraisk.168,comment-about-understanding,ami_da_12,1371.63,1372.34,710.0,Special colour .
ES2003d,C,ES2003d.C.dialog-act.vkaraisk.169,comment-about-understanding,ami_da_12,1373.7,1376.33,2630.0,Uh uh four .
ES2003d,C,ES2003d.C.dialog-act.vkaraisk.219,comment-about-understanding,ami_da_12,1486.49,1487.05,560.0,Three .
ES2003d,C,ES2003d.C.dialog-act.vkaraisk.234,comment-about-understanding,ami_da_12,1534.448,1539.9,5452.0,"I know ,"
ES2003d,C,ES2003d.C.dialog-act.vkaraisk.249,comment-about-understanding,ami_da_12,1610.07,1611.14,1070.0,Four ?
ES2003d,C,ES2003d.C.dialog-act.vkaraisk.268,comment-about-understanding,ami_da_12,1679.12,1679.53,410.0,Five .
ES2003d,C,ES2003d.C.dialog-act.vkaraisk.302,elicit-comment-understanding,ami_da_13,1868.36,1868.97,610.0,you know .
ES2003d,C,ES2003d.C.dialog-act.vkaraisk.306,elicit-comment-understanding,ami_da_13,1882.58,1883.54,960.0,you know .
ES2003d,D,ES2003d.D.dialog-act.vkaraisk.25,comment-about-understanding,ami_da_12,969.84,970.61,770.0,"Oh , and joystick ,"
ES2004a,A,ES2004a.A.dialog-act.s9553330.70,comment-about-understanding,ami_da_12,1005.79,1006.25,460.0,Okay .
ES2004a,B,ES2004a.B.dialog-act.s9553330.22,comment-about-understanding,ami_da_12,114.5,115.89,1390.0,as far as I can understand .
ES2004a,B,ES2004a.B.dialog-act.s9553330.177,comment-about-understanding,ami_da_12,1005.86,1006.44,580.0,Okay .
ES2004a,B,ES2004a.B.dialog-act.s9553330.188,elicit-comment-understanding,ami_da_13,1042.4,1043.13,730.0,Okay ?
ES2004a,D,ES2004a.D.dialog-act.s9553330.9,comment-about-understanding,ami_da_12,315.85,316.3,450.0,Sorry ?
ES2004a,D,ES2004a.D.dialog-act.s9553330.55,comment-about-understanding,ami_da_12,526.24,527.94,1700.0,"Oh . Oh right , okay ,"
ES2004a,D,ES2004a.D.dialog-act.s9553330.83,comment-about-understanding,ami_da_12,651.11,651.49,380.0,Okay .
ES2004a,D,ES2004a.D.dialog-act.s9553330.142,comment-about-understanding,ami_da_12,1005.06,1005.74,680.0,Ah right .
ES2004b,A,ES2004b.A.dialog-act.s9553330.131,comment-about-understanding,ami_da_12,2090.25,2090.98,730.0,A sea shell ?
ES2004b,B,ES2004b.B.dialog-act.s9553330.217,comment-about-understanding,ami_da_12,2005.98,2006.53,550.0,Okay .
ES2004b,C,ES2004b.C.dialog-act.s9553330.103,comment-about-understanding,ami_da_12,1176.6,1177.63,1030.0,"Alright , okay ."
ES2004b,D,ES2004b.D.dialog-act.s9553330.16,comment-about-understanding,ami_da_12,341.57,342.56,990.0,Oh I see .
ES2004b,D,ES2004b.D.dialog-act.s9553330.179,comment-about-understanding,ami_da_12,1793.81,1794.4,590.0,Right .
ES2004b,D,ES2004b.D.dialog-act.s9553330.252,comment-about-understanding,ami_da_12,2217.38,2218.07,690.0,Right .
ES2004c,A,ES2004c.A.dialog-act.dharshi.54,comment-about-understanding,ami_da_12,1250.61,1253.104,2494.0,"Sorry I didn't get the last part , you're talking of"
ES2004c,C,ES2004c.C.dialog-act.dharshi.206,comment-about-understanding,ami_da_12,1254.32,1255.584,1264.0,Uh what what
ES2004c,C,ES2004c.C.dialog-act.dharshi.229,comment-about-understanding,ami_da_12,1353.08,1353.52,440.0,Hmm .
ES2004c,C,ES2004c.C.dialog-act.dharshi.295,comment-about-understanding,ami_da_12,1980.19,1981.14,950.0,"Plastic ,"
ES2004c,D,ES2004c.D.dialog-act.dharshi.41,elicit-comment-understanding,ami_da_13,365.43,367.42,1990.0,Unless anyone has any questions about that ?
ES2004c,D,ES2004c.D.dialog-act.dharshi.162,comment-about-understanding,ami_da_12,1959.77,1961.7,1930.0,Sorry could you repeat that last part ?
ES2004d,A,ES2004d.A.dialog-act.vkaraisk.31,comment-about-understanding,ami_da_12,271.77,272.07,300.0,'Kay .
ES2004d,A,ES2004d.A.dialog-act.vkaraisk.51,comment-about-understanding,ami_da_12,550.79,551.82,1030.0,"Ah , it's perfect ."
ES2004d,A,ES2004d.A.dialog-act.vkaraisk.53,comment-about-understanding,ami_da_12,556.03,556.21,180.0,okay .
ES2004d,A,ES2004d.A.dialog-act.vkaraisk.76,comment-about-understanding,ami_da_12,730.54,730.85,310.0,okay .
ES2004d,A,ES2004d.A.dialog-act.vkaraisk.100,comment-about-understanding,ami_da_12,1183.43,1183.92,490.0,Okay .
ES2004d,B,ES2004d.B.dialog-act.vkaraisk.36,comment-about-understanding,ami_da_12,214.93,216.01,1080.0,"Oh right , okay , yeah ."
ES2004d,B,ES2004d.B.dialog-act.vkaraisk.39,comment-about-understanding,ami_da_12,238.43,238.77,340.0,okay .
ES2004d,B,ES2004d.B.dialog-act.vkaraisk.40,comment-about-understanding,ami_da_12,271.08,272.37,1290.0,Okay .
ES2004d,B,ES2004d.B.dialog-act.vkaraisk.45,comment-about-understanding,ami_da_12,332.1,332.89,790.0,Okay .
ES2004d,B,ES2004d.B.dialog-act.vkaraisk.48,comment-about-understanding,ami_da_12,336.62,338.4,1780.0,"Oh right , yeah , okay , yeah , I've got you ."
ES2004d,B,ES2004d.B.dialog-act.vkaraisk.49,comment-about-understanding,ami_da_12,340.88,341.52,640.0,yes .
ES2004d,B,ES2004d.B.dialog-act.vkaraisk.66,comment-about-understanding,ami_da_12,561.86,562.21,350.0,Okay .
ES2004d,B,ES2004d.B.dialog-act.vkaraisk.71,comment-about-understanding,ami_da_12,639.49,639.79,300.0,Okay .
ES2004d,B,ES2004d.B.dialog-act.vkaraisk.117,comment-about-understanding,ami_da_12,1136.15,1137.15,1000.0,Okay .
ES2004d,B,ES2004d.B.dialog-act.vkaraisk.123,comment-about-understanding,ami_da_12,1169.94,1170.67,730.0,"Oh , right ,"
ES2004d,B,ES2004d.B.dialog-act.vkaraisk.128,comment-about-understanding,ami_da_12,1183.81,1184.37,560.0,Okay .
ES2004d,B,ES2004d.B.dialog-act.vkaraisk.155,comment-about-understanding,ami_da_12,1296.48,1297.35,870.0,"yeah , okay ."
ES2004d,B,ES2004d.B.dialog-act.vkaraisk.173,comment-about-understanding,ami_da_12,1468.64,1469.56,920.0,"Right , okay ."
ES2004d,B,ES2004d.B.dialog-act.vkaraisk.177,comment-about-understanding,ami_da_12,1480.23,1480.79,560.0,"Oh , right ."
ES2004d,B,ES2004d.B.dialog-act.vkaraisk.213,comment-about-understanding,ami_da_12,1636.8,1637.26,460.0,Okay .
ES2004d,B,ES2004d.B.dialog-act.vkaraisk.214,comment-about-understanding,ami_da_12,1644.706,1645.48,774.0,Okay .
ES2004d,C,ES2004d.C.dialog-act.vkaraisk.2,comment-about-understanding,ami_da_12,94.1,94.48,380.0,Okay .
ES2004d,C,ES2004d.C.dialog-act.vkaraisk.26,elicit-comment-understanding,ami_da_13,216.17,217.71,1540.0,yeah .
ES2004d,C,ES2004d.C.dialog-act.vkaraisk.38,comment-about-understanding,ami_da_12,265.56,267.23,1670.0,yeah .
ES2004d,C,ES2004d.C.dialog-act.vkaraisk.229,comment-about-understanding,ami_da_12,1624.27,1625.13,860.0,Ah .
ES2004d,C,ES2004d.C.dialog-act.vkaraisk.289,comment-about-understanding,ami_da_12,1984.68,1985.01,330.0,Yeah .
ES2004d,D,ES2004d.D.dialog-act.vkaraisk.35,elicit-comment-understanding,ami_da_13,548.94,549.82,880.0,Does that seem clear ?
ES2004d,D,ES2004d.D.dialog-act.vkaraisk.36,elicit-comment-understanding,ami_da_13,549.82,550.81,990.0,Any questions there ?
ES2004d,D,ES2004d.D.dialog-act.vkaraisk.69,comment-about-understanding,ami_da_12,644.98,645.49,510.0,Two .
ES2004d,D,ES2004d.D.dialog-act.vkaraisk.70,comment-about-understanding,ami_da_12,646.79,647.44,650.0,Okay .
ES2004d,D,ES2004d.D.dialog-act.vkaraisk.71,comment-about-understanding,ami_da_12,650.27,650.7,430.0,Two .
ES2004d,D,ES2004d.D.dialog-act.vkaraisk.72,comment-about-understanding,ami_da_12,654.1,656.09,1990.0,"A four , okay ."
ES2004d,D,ES2004d.D.dialog-act.vkaraisk.76,comment-about-understanding,ami_da_12,669.39,674.63,5240.0,"Okay . Two point seven five , there we go ."
ES2004d,D,ES2004d.D.dialog-act.vkaraisk.80,comment-about-understanding,ami_da_12,687.77,688.95,1180.0,Okay .
ES2004d,D,ES2004d.D.dialog-act.vkaraisk.84,comment-about-understanding,ami_da_12,706.01,711.82,5810.0,"oh , for you ? You want your rating to be a two ? Is that what you're saying ?"
ES2004d,D,ES2004d.D.dialog-act.vkaraisk.87,comment-about-understanding,ami_da_12,711.82,712.05,230.0,Okay .
ES2004d,D,ES2004d.D.dialog-act.vkaraisk.94,comment-about-understanding,ami_da_12,723.03,724.2,1170.0,"Two point five , okay ."
ES2004d,D,ES2004d.D.dialog-act.vkaraisk.98,comment-about-understanding,ami_da_12,733.13,734.05,920.0,"Two , okay ."
ES2004d,D,ES2004d.D.dialog-act.vkaraisk.107,comment-about-understanding,ami_da_12,753.92,754.53,610.0,Two .
ES2004d,D,ES2004d.D.dialog-act.vkaraisk.108,comment-about-understanding,ami_da_12,760.23,761.13,900.0,"A two , okay ."
ES2004d,D,ES2004d.D.dialog-act.vkaraisk.109,comment-about-understanding,ami_da_12,764.14,764.55,410.0,Two .
ES2004d,D,ES2004d.D.dialog-act.vkaraisk.122,comment-about-understanding,ami_da_12,823.12,824.05,930.0,Okay .
ES2004d,D,ES2004d.D.dialog-act.vkaraisk.124,comment-about-understanding,ami_da_12,832.09,832.68,590.0,Okay .
ES2004d,D,ES2004d.D.dialog-act.vkaraisk.126,comment-about-understanding,ami_da_12,839.38,840.46,1080.0,Yep .
ES2004d,D,ES2004d.D.dialog-act.vkaraisk.128,comment-about-understanding,ami_da_12,840.98,841.39,410.0,Okay .
ES2004d,D,ES2004d.D.dialog-act.vkaraisk.147,comment-about-understanding,ami_da_12,908.14,909.58,1440.0,"A five , okay ."
ES2004d,D,ES2004d.D.dialog-act.vkaraisk.148,comment-about-understanding,ami_da_12,911.94,912.47,530.0,Four
ES2004d,D,ES2004d.D.dialog-act.vkaraisk.149,comment-about-understanding,ami_da_12,912.47,915.03,2560.0,and a four okay .
ES2004d,D,ES2004d.D.dialog-act.vkaraisk.158,comment-about-understanding,ami_da_12,938.89,940.33,1440.0,yep .
ES2004d,D,ES2004d.D.dialog-act.vkaraisk.163,comment-about-understanding,ami_da_12,961.68,963.24,1560.0,Right . Okay .
ES2004d,D,ES2004d.D.dialog-act.vkaraisk.165,comment-about-understanding,ami_da_12,967.33,967.76,430.0,Okay .
ES2004d,D,ES2004d.D.dialog-act.vkaraisk.168,comment-about-understanding,ami_da_12,972.8,974.39,1590.0,One
ES2004d,D,ES2004d.D.dialog-act.vkaraisk.169,comment-about-understanding,ami_da_12,974.39,975.05,660.0,"and one ,"
ES2004d,D,ES2004d.D.dialog-act.vkaraisk.182,comment-about-understanding,ami_da_12,1040.36,1041.99,1630.0,I know .
ES2004d,D,ES2004d.D.dialog-act.vkaraisk.184,elicit-comment-understanding,ami_da_13,1042.91,1045.0,2090.0,I hope that's uh clear to the team .
ES2004d,D,ES2004d.D.dialog-act.vkaraisk.200,comment-about-understanding,ami_da_12,1259.48,1260.93,1450.0,"Right , okay ."
ES2004d,D,ES2004d.D.dialog-act.vkaraisk.224,comment-about-understanding,ami_da_12,1400.02,1400.28,260.0,Oh .
ES2004d,D,ES2004d.D.dialog-act.vkaraisk.254,comment-about-understanding,ami_da_12,1586.28,1587.47,1190.0,Right .
ES2004d,D,ES2004d.D.dialog-act.vkaraisk.330,comment-about-understanding,ami_da_12,2210.77,2210.89,120.0,"Oh ,"
ES2005a,A,ES2005a.A.dialog-act.vkaraisk.1,comment-about-understanding,ami_da_12,0.75,0.95,200.0,Alright
ES2005a,B,ES2005a.B.dialog-act.vkaraisk.17,comment-about-understanding,ami_da_12,186.61,187.33,720.0,Yeah .
ES2005a,D,ES2005a.D.dialog-act.vkaraisk.39,comment-about-understanding,ami_da_12,219.73,220.84,1110.0,Yep . Okay .
ES2005a,D,ES2005a.D.dialog-act.vkaraisk.45,comment-about-understanding,ami_da_12,289.91,290.62,710.0,"Okay , cool ."
ES2005b,A,ES2005b.A.dialog-act.dharshi.23,comment-about-understanding,ami_da_12,885.28,886.05,770.0,Or function F_ eight ?
ES2005b,B,ES2005b.B.dialog-act.dharshi.9,comment-about-understanding,ami_da_12,98.58,99.31,730.0,F_ eight .
ES2005b,D,ES2005b.D.dialog-act.dharshi.28,comment-about-understanding,ami_da_12,558.47,558.8,330.0,F_ five
ES2005b,D,ES2005b.D.dialog-act.dharshi.144,comment-about-understanding,ami_da_12,1323.28,1324.21,930.0,Corporate colour .
ES2005b,D,ES2005b.D.dialog-act.dharshi.167,comment-about-understanding,ami_da_12,1538.55,1539.79,1240.0,"Often lost s was that ,"
ES2005b,D,ES2005b.D.dialog-act.dharshi.217,comment-about-understanding,ami_da_12,2042.26,2043.44,1180.0,And where is it sorry ?
ES2005c,A,ES2005c.A.dialog-act.dharshi.217,comment-about-understanding,ami_da_12,1945.51,1945.69,180.0,Hmm ?
ES2005c,A,ES2005c.A.dialog-act.dharshi.232,comment-about-understanding,ami_da_12,2011.6,2011.87,270.0,Huh ?
ES2005c,B,ES2005c.B.dialog-act.dharshi.117,comment-about-understanding,ami_da_12,1618.76,1620.27,1510.0,S s sorry ?
ES2005c,B,ES2005c.B.dialog-act.dharshi.119,comment-about-understanding,ami_da_12,1634.87,1635.45,580.0,okay ?
ES2005c,B,ES2005c.B.dialog-act.dharshi.171,comment-about-understanding,ami_da_12,2102.78,2103.61,830.0,"Project documents ,"
ES2005c,C,ES2005c.C.dialog-act.dharshi.357,elicit-comment-understanding,ami_da_13,2250.83,2254.12,3290.0,"unless anybody's got questions or confusions ,"
ES2005c,C,ES2005c.C.dialog-act.dharshi.359,comment-about-understanding,ami_da_12,2258.4,2258.75,350.0,Huh ?
ES2005c,D,ES2005c.D.dialog-act.dharshi.29,comment-about-understanding,ami_da_12,320.34,321.73,1390.0,Quite disposable .
ES2005d,B,ES2005d.B.dialog-act.dharshi.123,comment-about-understanding,ami_da_12,1188.51,1189.32,810.0,Two .
ES2005d,B,ES2005d.B.dialog-act.dharshi.171,comment-about-understanding,ami_da_12,1357.4,1357.73,330.0,Sorry ?
ES2005d,C,ES2005d.C.dialog-act.dharshi.113,comment-about-understanding,ami_da_12,531.9,532.11,210.0,What ?
ES2005d,C,ES2005d.C.dialog-act.dharshi.184,comment-about-understanding,ami_da_12,773.84,774.03,190.0,Huh ?
ES2005d,D,ES2005d.D.dialog-act.dharshi.113,elicit-comment-understanding,ami_da_13,778.87,779.38,510.0,sorry .
ES2006a,A,ES2006a.A.dialog-act.s9553330.6,comment-about-understanding,ami_da_12,212.63,212.97,340.0,Right .
ES2006a,A,ES2006a.A.dialog-act.s9553330.89,comment-about-understanding,ami_da_12,839.01,839.64,630.0,Ah okay .
ES2006a,A,ES2006a.A.dialog-act.s9553330.125,comment-about-understanding,ami_da_12,1257.6,1258.41,810.0,Alright .
ES2006a,C,ES2006a.C.dialog-act.s9553330.82,comment-about-understanding,ami_da_12,539.59,540.19,600.0,Ah
ES2006a,C,ES2006a.C.dialog-act.s9553330.197,elicit-comment-understanding,ami_da_13,1269.67,1270.08,410.0,Okay ?
ES2006a,D,ES2006a.D.dialog-act.s9553330.47,comment-about-understanding,ami_da_12,602.41,603.5,1090.0,"Oh , right , my roles ,"
ES2006a,D,ES2006a.D.dialog-act.s9553330.62,comment-about-understanding,ami_da_12,838.84,841.74,2900.0,"Ah , a gecko , okay ."
ES2006a,D,ES2006a.D.dialog-act.s9553330.64,comment-about-understanding,ami_da_12,844.68,846.53,1850.0,"yeah , they are"
ES2006a,D,ES2006a.D.dialog-act.s9553330.65,comment-about-understanding,ami_da_12,846.53,846.94,410.0,mm-hmm .
ES2006a,D,ES2006a.D.dialog-act.s9553330.81,comment-about-understanding,ami_da_12,1272.06,1273.61,1550.0,Okay .
ES2006b,A,ES2006b.A.dialog-act.s9553330.4,comment-about-understanding,ami_da_12,140.14,141.61,1470.0,"Uh okay , 'kay ."
ES2006b,A,ES2006b.A.dialog-act.s9553330.94,comment-about-understanding,ami_da_12,660.24,660.56,320.0,Okay .
ES2006b,A,ES2006b.A.dialog-act.s9553330.159,comment-about-understanding,ami_da_12,1606.78,1608.69,1910.0,"Oh , oh , okay ."
ES2006b,A,ES2006b.A.dialog-act.s9553330.188,comment-about-understanding,ami_da_12,1776.59,1776.95,360.0,Right .
ES2006b,A,ES2006b.A.dialog-act.s9553330.195,comment-about-understanding,ami_da_12,1804.43,1804.66,230.0,yeah .
ES2006b,A,ES2006b.A.dialog-act.s9553330.227,comment-about-understanding,ami_da_12,2085.35,2086.55,1200.0,"Ah , okay ."
ES2006b,A,ES2006b.A.dialog-act.s9553330.232,comment-about-understanding,ami_da_12,2126.43,2126.71,280.0,Right .
ES2006b,B,ES2006b.B.dialog-act.s9553330.6,comment-about-understanding,ami_da_12,1077.93,1079.5,1570.0,"Ah ,"
ES2006b,B,ES2006b.B.dialog-act.s9553330.7,comment-about-understanding,ami_da_12,1079.5,1082.12,2620.0,that's why it won't meet .
ES2006b,B,ES2006b.B.dialog-act.s9553330.33,comment-about-understanding,ami_da_12,1199.04,1200.25,1210.0,"Oh , right ."
ES2006b,B,ES2006b.B.dialog-act.s9553330.93,elicit-comment-understanding,ami_da_13,1401.54,1402.23,690.0,Um okay ?
ES2006b,B,ES2006b.B.dialog-act.s9553330.167,elicit-comment-understanding,ami_da_13,1775.78,1776.82,1040.0,Do you know what I mean ?
ES2006b,C,ES2006b.C.dialog-act.s9553330.9,comment-about-understanding,ami_da_12,41.78,42.72,940.0,No .
ES2006b,C,ES2006b.C.dialog-act.s9553330.91,comment-about-understanding,ami_da_12,707.87,708.23,360.0,Mm-hmm .
ES2006b,C,ES2006b.C.dialog-act.s9553330.133,comment-about-understanding,ami_da_12,1246.97,1247.39,420.0,Okay .
ES2006b,C,ES2006b.C.dialog-act.s9553330.277,elicit-comment-understanding,ami_da_13,2126.99,2128.35,1360.0,Yeah ?
ES2006b,D,ES2006b.D.dialog-act.s9553330.5,comment-about-understanding,ami_da_12,58.86,61.47,2610.0,"Oh project project documents , yeah , yeah , yeah , okay ."
ES2006b,D,ES2006b.D.dialog-act.s9553330.6,comment-about-understanding,ami_da_12,62.88,63.76,880.0,"Oh okay , yeah ."
ES2006b,D,ES2006b.D.dialog-act.s9553330.16,comment-about-understanding,ami_da_12,210.9,212.53,1630.0,"Okay , yeah , afterwards , yeah , okay ."
ES2006b,D,ES2006b.D.dialog-act.s9553330.30,comment-about-understanding,ami_da_12,620.26,622.066,1806.0,"Oh right , right , right , um"
ES2006b,D,ES2006b.D.dialog-act.s9553330.34,comment-about-understanding,ami_da_12,633.46,635.02,1560.0,No signal ?
ES2006b,D,ES2006b.D.dialog-act.s9553330.163,comment-about-understanding,ami_da_12,1991.99,1992.87,880.0,"Oh yeah , yeah ."
ES2006b,D,ES2006b.D.dialog-act.s9553330.165,comment-about-understanding,ami_da_12,2032.28,2033.46,1180.0,"The major ones , yeah ."
ES2006b,D,ES2006b.D.dialog-act.s9553330.172,comment-about-understanding,ami_da_12,2098.98,2100.64,1660.0,"Oh so so we'll just put them i there ,"
ES2006c,A,ES2006c.A.dialog-act.s9553330.77,elicit-comment-understanding,ami_da_13,388.06,390.01,1950.0,Yeah ?
ES2006c,A,ES2006c.A.dialog-act.s9553330.139,comment-about-understanding,ami_da_12,950.86,951.24,380.0,Mm-hmm .
ES2006c,A,ES2006c.A.dialog-act.s9553330.140,comment-about-understanding,ami_da_12,954.58,954.84,260.0,Right .
ES2006c,A,ES2006c.A.dialog-act.s9553330.274,comment-about-understanding,ami_da_12,1683.16,1683.8,640.0,Uh okay .
ES2006c,A,ES2006c.A.dialog-act.s9553330.323,comment-about-understanding,ami_da_12,1992.97,1993.88,910.0,I_C_s ?
ES2006c,B,ES2006c.B.dialog-act.s9553330.9,comment-about-understanding,ami_da_12,347.65,348.47,820.0,Did you say wool ?
ES2006c,B,ES2006c.B.dialog-act.s9553330.10,comment-about-understanding,ami_da_12,349.71,351.45,1740.0,Wood . Oh right .
ES2006c,C,ES2006c.C.dialog-act.s9553330.16,comment-about-understanding,ami_da_12,59.554,61.83,2276.0,"You haven't made a PowerPoint , okay ."
ES2006c,C,ES2006c.C.dialog-act.s9553330.29,comment-about-understanding,ami_da_12,240.94,241.31,370.0,Okay .
ES2006c,C,ES2006c.C.dialog-act.s9553330.34,comment-about-understanding,ami_da_12,271.75,272.45,700.0,Uh yeah .
ES2006c,C,ES2006c.C.dialog-act.s9553330.48,comment-about-understanding,ami_da_12,387.93,388.37,440.0,Mm-hmm .
ES2006c,C,ES2006c.C.dialog-act.s9553330.103,comment-about-understanding,ami_da_12,1092.01,1092.49,480.0,Okay .
ES2006c,C,ES2006c.C.dialog-act.s9553330.191,comment-about-understanding,ami_da_12,1736.64,1739.77,3130.0,"Th that would be on one side , uh-huh ."
ES2006c,D,ES2006c.D.dialog-act.s9553330.5,comment-about-understanding,ami_da_12,271.08,271.63,550.0,Okay .
ES2006c,D,ES2006c.D.dialog-act.s9553330.150,comment-about-understanding,ami_da_12,1692.81,1699.05,6240.0,"Yeah but n I I'm not completely um completely clear uh I yeah , about the spinning wheel ."
ES2006c,D,ES2006c.D.dialog-act.s9553330.183,comment-about-understanding,ami_da_12,2088.56,2089.37,810.0,"Yeah , okay ."
ES2006d,A,ES2006d.A.dialog-act.s9553330.149,comment-about-understanding,ami_da_12,1275.47,1276.1,630.0,Uh okay .
ES2006d,B,ES2006d.B.dialog-act.s9553330.52,elicit-comment-understanding,ami_da_13,478.36,478.93,570.0,Okay ?
ES2006d,B,ES2006d.B.dialog-act.s9553330.149,comment-about-understanding,ami_da_12,901.13,902.86,1730.0,"Oh okay , cool ."
ES2006d,B,ES2006d.B.dialog-act.s9553330.243,comment-about-understanding,ami_da_12,1497.97,1498.47,500.0,Really ?
ES2006d,C,ES2006d.C.dialog-act.s9553330.85,comment-about-understanding,ami_da_12,575.51,576.4,890.0,"Ah , okay ."
ES2006d,C,ES2006d.C.dialog-act.s9553330.92,comment-about-understanding,ami_da_12,603.38,604.16,780.0,Alright .
ES2006d,C,ES2006d.C.dialog-act.s9553330.343,comment-about-understanding,ami_da_12,1772.44,1774.49,2050.0,Not quite sure what about .
ES2006d,D,ES2006d.D.dialog-act.s9553330.14,comment-about-understanding,ami_da_12,176.98,177.82,840.0,Uh yeah .
ES2006d,D,ES2006d.D.dialog-act.s9553330.41,elicit-comment-understanding,ami_da_13,277.38,278.23,850.0,See ?
ES2006d,D,ES2006d.D.dialog-act.s9553330.136,comment-about-understanding,ami_da_12,996.29,997.73,1440.0,"Oh , three sixes , okay , yeah ."
ES2007a,A,ES2007a.A.dialog-act.dharshi.1,comment-about-understanding,ami_da_12,7.59,8.19,600.0,Mm-hmm ?
ES2007a,A,ES2007a.A.dialog-act.dharshi.84,comment-about-understanding,ami_da_12,597.1,597.9,800.0,ah right
ES2007a,B,ES2007a.B.dialog-act.dharshi.48,comment-about-understanding,ami_da_12,765.35,766.912,1562.0,Twelve fifty .
ES2007a,C,ES2007a.C.dialog-act.dharshi.62,comment-about-understanding,ami_da_12,869.11,869.35,240.0,Oh .
ES2007a,D,ES2007a.D.dialog-act.dharshi.25,comment-about-understanding,ami_da_12,342.09,342.73,640.0,A what ?
ES2007b,A,ES2007b.A.dialog-act.dharshi.11,comment-about-understanding,ami_da_12,94.19,94.97,780.0,Gabriel .
ES2007b,A,ES2007b.A.dialog-act.dharshi.16,comment-about-understanding,ami_da_12,104.95,114.496,9546.0,s r R_E_I_S_S_
ES2007b,A,ES2007b.A.dialog-act.dharshi.70,elicit-comment-understanding,ami_da_13,465.83,471.66,5830.0,Um I dunno if you guys have got any questions for Catherine on any of this ?
ES2007b,A,ES2007b.A.dialog-act.dharshi.175,elicit-comment-understanding,ami_da_13,1460.88,1464.57,3690.0,anyone have any questions ?
ES2007b,D,ES2007b.D.dialog-act.dharshi.53,comment-about-understanding,ami_da_12,1034.91,1037.42,2510.0,"Well , function F_ eight ."
ES2007b,D,ES2007b.D.dialog-act.dharshi.113,comment-about-understanding,ami_da_12,1301.53,1301.78,250.0,Huh ?
ES2007c,A,ES2007c.A.dialog-act.dharshi.60,comment-about-understanding,ami_da_12,662.56,665.25,2690.0,"Okay , uh what I'm not understanding here"
ES2007c,A,ES2007c.A.dialog-act.dharshi.76,comment-about-understanding,ami_da_12,747.69,748.27,580.0,What about what ?
ES2007c,A,ES2007c.A.dialog-act.dharshi.271,elicit-comment-understanding,ami_da_13,2181.71,2184.69,2980.0,"Anyone have any uh any questions ,"
ES2007c,B,ES2007c.B.dialog-act.dharshi.33,elicit-comment-understanding,ami_da_13,382.68,384.16,1480.0,"if you know what I mean , so"
ES2007c,B,ES2007c.B.dialog-act.dharshi.61,elicit-comment-understanding,ami_da_13,535.7,536.52,820.0,If that makes sense .
ES2007c,D,ES2007c.D.dialog-act.dharshi.41,comment-about-understanding,ami_da_12,805.2,806.42,1220.0,"Oh , it just gives an answer ."
ES2007d,A,ES2007d.A.dialog-act.dharshi.15,comment-about-understanding,ami_da_12,115.696,117.05,1354.0,what button ?
ES2007d,A,ES2007d.A.dialog-act.dharshi.16,comment-about-understanding,ami_da_12,117.05,118.71,1660.0,Um . Oh mute .
ES2007d,C,ES2007d.C.dialog-act.dharshi.52,comment-about-understanding,ami_da_12,314.28,315.38,1100.0,"The costs , was that what you said ?"
ES2007d,C,ES2007d.C.dialog-act.dharshi.102,comment-about-understanding,ami_da_12,729.42,730.48,1060.0,You think it could lost
ES2007d,D,ES2007d.D.dialog-act.dharshi.72,elicit-comment-understanding,ami_da_13,582.73,584.45,1720.0,Do you all get what we're doing ?
ES2007d,D,ES2007d.D.dialog-act.dharshi.79,comment-about-understanding,ami_da_12,602.7,604.4,1700.0,A one a one .
ES2008a,A,ES2008a.A.dialog-act.vkaraisk.33,comment-about-understanding,ami_da_12,109.8,111.08,1280.0,"Um Alima ,"
ES2008a,A,ES2008a.A.dialog-act.vkaraisk.34,comment-about-understanding,ami_da_12,111.68,112.73,1050.0,", Alima ."
ES2008a,A,ES2008a.A.dialog-act.vkaraisk.117,comment-about-understanding,ami_da_12,884.56,886.71,2150.0,mm okay .
ES2008a,A,ES2008a.A.dialog-act.vkaraisk.134,elicit-comment-understanding,ami_da_13,958.66,959.4,740.0,Any questions ?
ES2008a,A,ES2008a.A.dialog-act.vkaraisk.152,comment-about-understanding,ami_da_12,1018.03,1018.77,740.0,Okay .
ES2008b,A,ES2008b.A.dialog-act.vkaraisk.39,comment-about-understanding,ami_da_12,222.41,223.43,1020.0,Mm 'kay .
ES2008b,A,ES2008b.A.dialog-act.vkaraisk.57,comment-about-understanding,ami_da_12,528.2,528.62,420.0,"Mm 'kay ,"
ES2008b,A,ES2008b.A.dialog-act.vkaraisk.124,comment-about-understanding,ami_da_12,1342.47,1342.89,420.0,How ?
ES2008b,A,ES2008b.A.dialog-act.vkaraisk.125,comment-about-understanding,ami_da_12,1345.02,1345.29,270.0,Okay .
ES2008b,A,ES2008b.A.dialog-act.vkaraisk.157,comment-about-understanding,ami_da_12,1472.5,1473.49,990.0,Mm-hmm .
ES2008b,A,ES2008b.A.dialog-act.vkaraisk.172,comment-about-understanding,ami_da_12,1610.08,1610.98,900.0,Upgrade ?
ES2008b,A,ES2008b.A.dialog-act.vkaraisk.177,comment-about-understanding,ami_da_12,1616.56,1617.36,800.0,"Simplification ,"
ES2008b,A,ES2008b.A.dialog-act.vkaraisk.193,comment-about-understanding,ami_da_12,1711.72,1712.84,1120.0,Simplicity and fashion .
ES2008b,A,ES2008b.A.dialog-act.vkaraisk.217,comment-about-understanding,ami_da_12,1828.95,1830.23,1280.0,"Under sixty five , okay ,"
ES2008b,A,ES2008b.A.dialog-act.vkaraisk.225,comment-about-understanding,ami_da_12,1868.19,1868.52,330.0,Okay .
ES2008b,A,ES2008b.A.dialog-act.vkaraisk.281,comment-about-understanding,ami_da_12,2096.01,2096.32,310.0,'kay .
ES2008b,A,ES2008b.A.dialog-act.vkaraisk.283,comment-about-understanding,ami_da_12,2102.84,2104.59,1750.0,I don't know what summarisation .
ES2008b,A,ES2008b.A.dialog-act.vkaraisk.306,comment-about-understanding,ami_da_12,2201.93,2203.06,1130.0,Okay .
ES2008b,B,ES2008b.B.dialog-act.vkaraisk.1,comment-about-understanding,ami_da_12,91.75,92.08,330.0,Right .
ES2008b,B,ES2008b.B.dialog-act.vkaraisk.14,comment-about-understanding,ami_da_12,528.25,529.54,1290.0,"Okay ,"
ES2008b,B,ES2008b.B.dialog-act.vkaraisk.31,comment-about-understanding,ami_da_12,915.04,915.27,230.0,Ah .
ES2008b,B,ES2008b.B.dialog-act.vkaraisk.84,comment-about-understanding,ami_da_12,1095.17,1095.73,560.0,Previous .
ES2008b,B,ES2008b.B.dialog-act.vkaraisk.91,comment-about-understanding,ami_da_12,1111.27,1112.73,1460.0,"yeah , yeah ."
ES2008b,B,ES2008b.B.dialog-act.vkaraisk.104,elicit-comment-understanding,ami_da_13,1138.25,1142.49,4240.0,hopefully that makes sense for everyone in my kind of garbled way .
ES2008b,B,ES2008b.B.dialog-act.vkaraisk.117,comment-about-understanding,ami_da_12,1217.6,1217.9,300.0,Yeah .
ES2008b,B,ES2008b.B.dialog-act.vkaraisk.223,comment-about-understanding,ami_da_12,2157.05,2157.42,370.0,Okay
ES2008b,B,ES2008b.B.dialog-act.vkaraisk.230,comment-about-understanding,ami_da_12,2184.9,2185.2,300.0,Okay .
ES2008b,B,ES2008b.B.dialog-act.vkaraisk.239,comment-about-understanding,ami_da_12,2227.94,2228.24,300.0,Okay .
ES2008b,C,ES2008b.C.dialog-act.vkaraisk.100,comment-about-understanding,ami_da_12,1224.2,1224.69,490.0,What's up ?
ES2008b,C,ES2008b.C.dialog-act.vkaraisk.102,comment-about-understanding,ami_da_12,1228.13,1229.49,1360.0,Uh .
ES2008b,C,ES2008b.C.dialog-act.vkaraisk.108,comment-about-understanding,ami_da_12,1296.84,1297.0,160.0,"Oh ,"
ES2008b,C,ES2008b.C.dialog-act.vkaraisk.124,comment-about-understanding,ami_da_12,1371.09,1371.43,340.0,Right .
ES2008b,C,ES2008b.C.dialog-act.vkaraisk.133,comment-about-understanding,ami_da_12,1495.22,1495.46,240.0,Right .
ES2008b,C,ES2008b.C.dialog-act.vkaraisk.134,comment-about-understanding,ami_da_12,1497.62,1498.23,610.0,"Right , okay ."
ES2008b,C,ES2008b.C.dialog-act.vkaraisk.148,comment-about-understanding,ami_da_12,1651.53,1652.12,590.0,yeah .
ES2008b,D,ES2008b.D.dialog-act.vkaraisk.6,comment-about-understanding,ami_da_12,170.18,170.51,330.0,Mm-hmm .
ES2008b,D,ES2008b.D.dialog-act.vkaraisk.12,comment-about-understanding,ami_da_12,212.86,213.41,550.0,"Ah , wait ,"
ES2008b,D,ES2008b.D.dialog-act.vkaraisk.50,comment-about-understanding,ami_da_12,374.46,375.47,1010.0,because I don't know .
ES2008b,D,ES2008b.D.dialog-act.vkaraisk.51,comment-about-understanding,ami_da_12,376.98,377.2,220.0,What ?
ES2008b,D,ES2008b.D.dialog-act.vkaraisk.52,comment-about-understanding,ami_da_12,378.55,380.43,1880.0,Ah . There we go .
ES2008b,D,ES2008b.D.dialog-act.vkaraisk.92,comment-about-understanding,ami_da_12,897.36,898.37,1010.0,Okay .
ES2008b,D,ES2008b.D.dialog-act.vkaraisk.103,comment-about-understanding,ami_da_12,1294.05,1294.86,810.0,"Oh . Oh ,"
ES2008b,D,ES2008b.D.dialog-act.vkaraisk.107,comment-about-understanding,ami_da_12,1342.55,1343.01,460.0,Oh .
ES2008b,D,ES2008b.D.dialog-act.vkaraisk.139,elicit-comment-understanding,ami_da_13,1649.21,1650.15,940.0,Do you know what I'm saying ?
ES2008b,D,ES2008b.D.dialog-act.vkaraisk.158,comment-about-understanding,ami_da_12,1744.52,1744.85,330.0,Okay .
ES2008b,D,ES2008b.D.dialog-act.vkaraisk.160,comment-about-understanding,ami_da_12,1756.15,1756.38,230.0,Okay .
ES2008b,D,ES2008b.D.dialog-act.vkaraisk.209,comment-about-understanding,ami_da_12,2170.43,2171.07,640.0,Okay .
ES2008b,D,ES2008b.D.dialog-act.vkaraisk.221,comment-about-understanding,ami_da_12,2228.26,2228.51,250.0,Okay .
ES2008c,A,ES2008c.A.dialog-act.vkaraisk.2,comment-about-understanding,ami_da_12,48.57,48.99,420.0,Okay .
ES2008c,A,ES2008c.A.dialog-act.vkaraisk.40,comment-about-understanding,ami_da_12,453.6,455.06,1460.0,Mm-hmm .
ES2008c,A,ES2008c.A.dialog-act.vkaraisk.44,comment-about-understanding,ami_da_12,469.91,470.87,960.0,"no idea , okay ."
ES2008c,A,ES2008c.A.dialog-act.vkaraisk.46,comment-about-understanding,ami_da_12,482.9,484.72,1820.0,Mm-hmm .
ES2008c,A,ES2008c.A.dialog-act.vkaraisk.48,comment-about-understanding,ami_da_12,488.97,489.28,310.0,Okay .
ES2008c,A,ES2008c.A.dialog-act.vkaraisk.52,comment-about-understanding,ami_da_12,513.72,514.81,1090.0,"oh , uh in your book ,"
ES2008c,A,ES2008c.A.dialog-act.vkaraisk.75,comment-about-understanding,ami_da_12,960.74,960.98,240.0,Okay .
ES2008c,A,ES2008c.A.dialog-act.vkaraisk.76,comment-about-understanding,ami_da_12,966.05,966.94,890.0,Okay .
ES2008c,A,ES2008c.A.dialog-act.vkaraisk.79,comment-about-understanding,ami_da_12,979.8,980.56,760.0,Mm .
ES2008c,A,ES2008c.A.dialog-act.vkaraisk.106,comment-about-understanding,ami_da_12,1329.12,1329.49,370.0,Mm-hmm .
ES2008c,A,ES2008c.A.dialog-act.vkaraisk.112,comment-about-understanding,ami_da_12,1361.35,1362.75,1400.0,"Or carrot shaped ,"
ES2008c,A,ES2008c.A.dialog-act.vkaraisk.157,comment-about-understanding,ami_da_12,1675.01,1675.65,640.0,Okay .
ES2008c,A,ES2008c.A.dialog-act.vkaraisk.185,comment-about-understanding,ami_da_12,1858.65,1859.22,570.0,Okay .
ES2008c,A,ES2008c.A.dialog-act.vkaraisk.187,comment-about-understanding,ami_da_12,1862.84,1863.17,330.0,Okay .
ES2008c,A,ES2008c.A.dialog-act.vkaraisk.189,comment-about-understanding,ami_da_12,1871.89,1873.46,1570.0,Okay .
ES2008c,A,ES2008c.A.dialog-act.vkaraisk.227,comment-about-understanding,ami_da_12,2018.81,2019.05,240.0,"Okay ,"
ES2008c,A,ES2008c.A.dialog-act.vkaraisk.235,comment-about-understanding,ami_da_12,2048.88,2049.0,120.0,oh
ES2008c,B,ES2008c.B.dialog-act.vkaraisk.99,comment-about-understanding,ami_da_12,469.02,469.18,160.0,"Yeah ,"
ES2008c,B,ES2008c.B.dialog-act.vkaraisk.107,elicit-comment-understanding,ami_da_13,489.5,489.82,320.0,Alright ?
ES2008c,B,ES2008c.B.dialog-act.vkaraisk.109,comment-about-understanding,ami_da_12,494.81,495.13,320.0,No ?
ES2008c,B,ES2008c.B.dialog-act.vkaraisk.110,comment-about-understanding,ami_da_12,495.13,495.46,330.0,Okay .
ES2008c,B,ES2008c.B.dialog-act.vkaraisk.124,comment-about-understanding,ami_da_12,863.64,864.02,380.0,Okay .
ES2008c,B,ES2008c.B.dialog-act.vkaraisk.128,comment-about-understanding,ami_da_12,914.83,915.31,480.0,Okay .
ES2008c,B,ES2008c.B.dialog-act.vkaraisk.136,comment-about-understanding,ami_da_12,979.21,979.29,80.0,"Oh ,"
ES2008c,B,ES2008c.B.dialog-act.vkaraisk.164,comment-about-understanding,ami_da_12,1330.39,1330.67,280.0,Mm-hmm .
ES2008c,B,ES2008c.B.dialog-act.vkaraisk.184,comment-about-understanding,ami_da_12,1410.45,1410.83,380.0,Yeah .
ES2008c,B,ES2008c.B.dialog-act.vkaraisk.186,comment-about-understanding,ami_da_12,1416.27,1416.51,240.0,Right .
ES2008c,B,ES2008c.B.dialog-act.vkaraisk.199,comment-about-understanding,ami_da_12,1450.87,1451.26,390.0,"Oh yeah ,"
ES2008c,B,ES2008c.B.dialog-act.vkaraisk.217,comment-about-understanding,ami_da_12,1519.41,1519.59,180.0,Oh
ES2008c,B,ES2008c.B.dialog-act.vkaraisk.232,comment-about-understanding,ami_da_12,1595.47,1597.61,2140.0,"Uh-hu oh , oh yes ."
ES2008c,B,ES2008c.B.dialog-act.vkaraisk.295,comment-about-understanding,ami_da_12,1806.71,1807.55,840.0,Right .
ES2008c,B,ES2008c.B.dialog-act.vkaraisk.299,comment-about-understanding,ami_da_12,1822.65,1823.06,410.0,Okay .
ES2008c,B,ES2008c.B.dialog-act.vkaraisk.303,comment-about-understanding,ami_da_12,1839.11,1839.52,410.0,Okay .
ES2008c,B,ES2008c.B.dialog-act.vkaraisk.330,comment-about-understanding,ami_da_12,2013.63,2013.97,340.0,Oh .
ES2008c,B,ES2008c.B.dialog-act.vkaraisk.342,comment-about-understanding,ami_da_12,2091.4,2092.1,700.0,"Okay , cool ."
ES2008c,C,ES2008c.C.dialog-act.vkaraisk.122,comment-about-understanding,ami_da_12,1375.941,1378.65,2709.0,Yeah .
ES2008c,C,ES2008c.C.dialog-act.vkaraisk.129,comment-about-understanding,ami_da_12,1409.63,1410.09,460.0,Yeah .
ES2008c,C,ES2008c.C.dialog-act.vkaraisk.132,comment-about-understanding,ami_da_12,1422.23,1423.74,1510.0,So you hold it in one hand
ES2008c,C,ES2008c.C.dialog-act.vkaraisk.135,comment-about-understanding,ami_da_12,1423.74,1426.79,3050.0,and you press you press the buttons with your thumb
ES2008c,C,ES2008c.C.dialog-act.vkaraisk.142,comment-about-understanding,ami_da_12,1469.62,1472.1,2480.0,"Oh , I see , right , yeah ."
ES2008c,C,ES2008c.C.dialog-act.vkaraisk.143,comment-about-understanding,ami_da_12,1472.1,1473.09,990.0,"Oh , okay ."
ES2008c,C,ES2008c.C.dialog-act.vkaraisk.176,comment-about-understanding,ami_da_12,1872.73,1873.41,680.0,'Kay . Yeah .
ES2008c,C,ES2008c.C.dialog-act.vkaraisk.191,comment-about-understanding,ami_da_12,2002.68,2004.78,2100.0,"Uh what do you mean by supplements , exactly ?"
ES2008c,D,ES2008c.D.dialog-act.vkaraisk.3,comment-about-understanding,ami_da_12,422.26,424.26,2000.0,Okay .
ES2008c,D,ES2008c.D.dialog-act.vkaraisk.67,comment-about-understanding,ami_da_12,1263.06,1264.0,940.0,"Yeah ,"
ES2008c,D,ES2008c.D.dialog-act.vkaraisk.68,elicit-comment-understanding,ami_da_13,1264.0,1267.69,3690.0,what can I possibly enlighten on ?
ES2008d,A,ES2008d.A.dialog-act.vkaraisk.27,elicit-comment-understanding,ami_da_13,107.74,108.59,850.0,Okay ?
ES2008d,A,ES2008d.A.dialog-act.vkaraisk.31,comment-about-understanding,ami_da_12,194.28,196.86,2580.0,The v the rhombus rhombus ?
ES2008d,A,ES2008d.A.dialog-act.vkaraisk.33,comment-about-understanding,ami_da_12,260.41,261.21,800.0,Okay .
ES2008d,A,ES2008d.A.dialog-act.vkaraisk.34,comment-about-understanding,ami_da_12,262.73,263.62,890.0,Yeah we turn it off .
ES2008d,A,ES2008d.A.dialog-act.vkaraisk.36,comment-about-understanding,ami_da_12,282.77,283.06,290.0,Okay .
ES2008d,A,ES2008d.A.dialog-act.vkaraisk.58,comment-about-understanding,ami_da_12,448.4,449.24,840.0,Mm .
ES2008d,A,ES2008d.A.dialog-act.vkaraisk.74,comment-about-understanding,ami_da_12,550.71,550.82,110.0,Oh
ES2008d,A,ES2008d.A.dialog-act.vkaraisk.79,comment-about-understanding,ami_da_12,564.07,564.32,250.0,Okay .
ES2008d,A,ES2008d.A.dialog-act.vkaraisk.107,comment-about-understanding,ami_da_12,662.27,662.67,400.0,Okay .
ES2008d,A,ES2008d.A.dialog-act.vkaraisk.108,comment-about-understanding,ami_da_12,668.49,669.01,520.0,Mm-hmm .
ES2008d,A,ES2008d.A.dialog-act.vkaraisk.120,comment-about-understanding,ami_da_12,804.55,804.78,230.0,"Okay ,"
ES2008d,A,ES2008d.A.dialog-act.vkaraisk.123,comment-about-understanding,ami_da_12,814.24,814.38,140.0,Okay .
ES2008d,A,ES2008d.A.dialog-act.vkaraisk.132,comment-about-understanding,ami_da_12,886.29,886.77,480.0,Mm 'kay .
ES2008d,A,ES2008d.A.dialog-act.vkaraisk.204,comment-about-understanding,ami_da_12,1320.29,1321.61,1320.0,"One , okay ."
ES2008d,A,ES2008d.A.dialog-act.vkaraisk.207,comment-about-understanding,ami_da_12,1326.4,1326.73,330.0,Mm 'kay .
ES2008d,A,ES2008d.A.dialog-act.vkaraisk.220,comment-about-understanding,ami_da_12,1379.62,1379.77,150.0,"Yeah ,"
ES2008d,A,ES2008d.A.dialog-act.vkaraisk.231,comment-about-understanding,ami_da_12,1403.62,1404.31,690.0,Six .
ES2008d,A,ES2008d.A.dialog-act.vkaraisk.237,elicit-comment-understanding,ami_da_13,1420.84,1421.48,640.0,"right ,"
ES2008d,A,ES2008d.A.dialog-act.vkaraisk.255,comment-about-understanding,ami_da_12,1459.78,1460.03,250.0,Okay .
ES2008d,A,ES2008d.A.dialog-act.vkaraisk.266,comment-about-understanding,ami_da_12,1491.41,1492.25,840.0,we have no idea .
ES2008d,A,ES2008d.A.dialog-act.vkaraisk.276,comment-about-understanding,ami_da_12,1522.9,1523.22,320.0,What ?
ES2008d,A,ES2008d.A.dialog-act.vkaraisk.351,comment-about-understanding,ami_da_12,1831.232,1834.0,2768.0,Oh
ES2008d,A,ES2008d.A.dialog-act.vkaraisk.357,comment-about-understanding,ami_da_12,1870.01,1870.56,550.0,Alright .
ES2008d,A,ES2008d.A.dialog-act.vkaraisk.375,comment-about-understanding,ami_da_12,1932.67,1933.77,1100.0,"I see , mm ."
ES2008d,A,ES2008d.A.dialog-act.vkaraisk.406,elicit-comment-understanding,ami_da_13,2165.79,2167.0,1210.0,"you know what I mean ,"
ES2008d,A,ES2008d.A.dialog-act.vkaraisk.472,comment-about-understanding,ami_da_12,2501.97,2502.88,910.0,The slogan on it ?
ES2008d,B,ES2008d.B.dialog-act.vkaraisk.74,comment-about-understanding,ami_da_12,564.65,564.88,230.0,Right .
ES2008d,B,ES2008d.B.dialog-act.vkaraisk.106,comment-about-understanding,ami_da_12,690.48,690.83,350.0,Okay .
ES2008d,B,ES2008d.B.dialog-act.vkaraisk.128,comment-about-understanding,ami_da_12,887.14,887.45,310.0,Okay .
ES2008d,B,ES2008d.B.dialog-act.vkaraisk.150,comment-about-understanding,ami_da_12,974.5,975.68,1180.0,"Oh , mango"
ES2008d,B,ES2008d.B.dialog-act.vkaraisk.164,comment-about-understanding,ami_da_12,1097.28,1097.56,280.0,"Oh ,"
ES2008d,B,ES2008d.B.dialog-act.vkaraisk.172,comment-about-understanding,ami_da_12,1175.32,1175.64,320.0,Right .
ES2008d,B,ES2008d.B.dialog-act.vkaraisk.201,comment-about-understanding,ami_da_12,1351.03,1351.19,160.0,"Oh ,"
ES2008d,B,ES2008d.B.dialog-act.vkaraisk.229,comment-about-understanding,ami_da_12,1423.04,1426.62,3580.0,but if we're making multiple varieties of this is where I'm getting confused .
ES2008d,B,ES2008d.B.dialog-act.vkaraisk.230,comment-about-understanding,ami_da_12,1427.717,1430.08,2363.0,"per unit , okay , okay ."
ES2008d,B,ES2008d.B.dialog-act.vkaraisk.231,comment-about-understanding,ami_da_12,1431.86,1432.18,320.0,"Alright ,"
ES2008d,B,ES2008d.B.dialog-act.vkaraisk.246,comment-about-understanding,ami_da_12,1485.2,1485.73,530.0,Alright .
ES2008d,B,ES2008d.B.dialog-act.vkaraisk.317,comment-about-understanding,ami_da_12,1871.08,1871.34,260.0,Oh .
ES2008d,B,ES2008d.B.dialog-act.vkaraisk.377,comment-about-understanding,ami_da_12,2167.2,2167.52,320.0,Yeah .
ES2008d,B,ES2008d.B.dialog-act.vkaraisk.443,comment-about-understanding,ami_da_12,2431.23,2431.47,240.0,Oh .
ES2008d,B,ES2008d.B.dialog-act.vkaraisk.449,comment-about-understanding,ami_da_12,2454.02,2454.16,140.0,Oh .
ES2008d,B,ES2008d.B.dialog-act.vkaraisk.450,comment-about-understanding,ami_da_12,2456.27,2456.5,230.0,Okay .
ES2008d,B,ES2008d.B.dialog-act.vkaraisk.457,comment-about-understanding,ami_da_12,2470.61,2471.62,1010.0,Ah yeah. .
ES2008d,C,ES2008d.C.dialog-act.vkaraisk.116,comment-about-understanding,ami_da_12,1403.55,1403.94,390.0,Oh
ES2008d,C,ES2008d.C.dialog-act.vkaraisk.121,comment-about-understanding,ami_da_12,1533.57,1534.25,680.0,Twelve point five .
ES2008d,C,ES2008d.C.dialog-act.vkaraisk.141,comment-about-understanding,ami_da_12,1818.2,1818.84,640.0,Break the stem off .
ES2008d,C,ES2008d.C.dialog-act.vkaraisk.168,comment-about-understanding,ami_da_12,2166.8,2166.97,170.0,Yeah .
ES2008d,D,ES2008d.D.dialog-act.vkaraisk.41,comment-about-understanding,ami_da_12,687.85,688.15,300.0,"Okay ,"
ES2008d,D,ES2008d.D.dialog-act.vkaraisk.67,comment-about-understanding,ami_da_12,753.65,754.34,690.0,"Okay ,"
ES2008d,D,ES2008d.D.dialog-act.vkaraisk.71,comment-about-understanding,ami_da_12,772.54,772.87,330.0,Okay .
ES2008d,D,ES2008d.D.dialog-act.vkaraisk.72,comment-about-understanding,ami_da_12,774.88,776.28,1400.0,"And two ,"
ES2008d,D,ES2008d.D.dialog-act.vkaraisk.78,comment-about-understanding,ami_da_12,786.92,787.28,360.0,One ?
ES2008d,D,ES2008d.D.dialog-act.vkaraisk.79,comment-about-understanding,ami_da_12,792.65,792.88,230.0,Okay .
ES2008d,D,ES2008d.D.dialog-act.vkaraisk.86,comment-about-understanding,ami_da_12,806.7,808.03,1330.0,okay .
ES2008d,D,ES2008d.D.dialog-act.vkaraisk.105,comment-about-understanding,ami_da_12,863.58,863.86,280.0,Alright .
ES2008d,D,ES2008d.D.dialog-act.vkaraisk.107,comment-about-understanding,ami_da_12,879.42,879.88,460.0,Mm 'kay .
ES2008d,D,ES2008d.D.dialog-act.vkaraisk.113,comment-about-understanding,ami_da_12,901.88,902.84,960.0,Alright .
ES2008d,D,ES2008d.D.dialog-act.vkaraisk.125,comment-about-understanding,ami_da_12,965.87,966.23,360.0,"Oh ,"
ES2008d,D,ES2008d.D.dialog-act.vkaraisk.143,comment-about-understanding,ami_da_12,1006.63,1007.45,820.0,"Did you say one , Rose ?"
ES2008d,D,ES2008d.D.dialog-act.vkaraisk.151,comment-about-understanding,ami_da_12,1053.024,1053.97,946.0,"Alright ,"
ES2008d,D,ES2008d.D.dialog-act.vkaraisk.163,comment-about-understanding,ami_da_12,1106.66,1106.86,200.0,Okay .
ES2008d,D,ES2008d.D.dialog-act.vkaraisk.210,comment-about-understanding,ami_da_12,1348.47,1349.23,760.0,"Provided , okay ."
ES2008d,D,ES2008d.D.dialog-act.vkaraisk.220,comment-about-understanding,ami_da_12,1403.43,1403.5,70.0,Oh
ES2008d,D,ES2008d.D.dialog-act.vkaraisk.287,comment-about-understanding,ami_da_12,1906.58,1907.18,600.0,Oh
ES2008d,D,ES2008d.D.dialog-act.vkaraisk.304,elicit-comment-understanding,ami_da_13,1931.74,1932.1,360.0,see .
ES2008d,D,ES2008d.D.dialog-act.vkaraisk.351,comment-about-understanding,ami_da_12,2503.48,2503.76,280.0,Okay
ES2009a,A,ES2009a.A.dialog-act.vkaraisk.133,comment-about-understanding,ami_da_12,408.79,408.92,130.0,Oh
ES2009a,A,ES2009a.A.dialog-act.vkaraisk.185,comment-about-understanding,ami_da_12,530.18,531.5,1320.0,yeah .
ES2009a,A,ES2009a.A.dialog-act.vkaraisk.193,comment-about-understanding,ami_da_12,567.45,568.9,1450.0,Afro beat orchestra ?
ES2009a,A,ES2009a.A.dialog-act.vkaraisk.197,comment-about-understanding,ami_da_12,594.57,597.45,2880.0,Ah yes yes yes okay I see that .
ES2009a,A,ES2009a.A.dialog-act.vkaraisk.200,comment-about-understanding,ami_da_12,597.45,597.86,410.0,Vomit .
ES2009a,A,ES2009a.A.dialog-act.vkaraisk.202,comment-about-understanding,ami_da_12,599.0,599.94,940.0,Street pizza .
ES2009a,A,ES2009a.A.dialog-act.vkaraisk.217,comment-about-understanding,ami_da_12,654.96,655.7,740.0,Bad religion ?
ES2009a,A,ES2009a.A.dialog-act.vkaraisk.218,comment-about-understanding,ami_da_12,658.23,659.03,800.0,"Yeah yeah , yeah ."
ES2009a,A,ES2009a.A.dialog-act.vkaraisk.255,comment-about-understanding,ami_da_12,734.62,734.78,160.0,Yep .
ES2009a,A,ES2009a.A.dialog-act.vkaraisk.324,elicit-comment-understanding,ami_da_13,887.71,890.1,2390.0,"Um any questions , before we get started ?"
ES2009a,A,ES2009a.A.dialog-act.vkaraisk.326,comment-about-understanding,ami_da_12,906.68,907.24,560.0,Hmm .
ES2009a,A,ES2009a.A.dialog-act.vkaraisk.339,elicit-comment-understanding,ami_da_13,937.31,939.18,1870.0,No I mean
ES2009a,A,ES2009a.A.dialog-act.vkaraisk.393,comment-about-understanding,ami_da_12,1123.43,1124.58,1150.0,Okay . Okay .
ES2009a,B,ES2009a.B.dialog-act.vkaraisk.19,comment-about-understanding,ami_da_12,410.71,411.17,460.0,Okay .
ES2009a,B,ES2009a.B.dialog-act.vkaraisk.54,comment-about-understanding,ami_da_12,729.64,729.96,320.0,Okay .
ES2009a,B,ES2009a.B.dialog-act.vkaraisk.64,comment-about-understanding,ami_da_12,804.59,804.87,280.0,Okay .
ES2009a,B,ES2009a.B.dialog-act.vkaraisk.74,comment-about-understanding,ami_da_12,1038.67,1039.26,590.0,Oh right .
ES2009a,B,ES2009a.B.dialog-act.vkaraisk.95,comment-about-understanding,ami_da_12,1243.57,1243.83,260.0,Yeah .
ES2009a,C,ES2009a.C.dialog-act.vkaraisk.2,comment-about-understanding,ami_da_12,11.12,11.69,570.0,alright .
ES2009a,C,ES2009a.C.dialog-act.vkaraisk.48,comment-about-understanding,ami_da_12,624.9,625.45,550.0,Minging ?
ES2009a,D,ES2009a.D.dialog-act.vkaraisk.14,comment-about-understanding,ami_da_12,161.48,162.77,1290.0,"yeah , okay ."
ES2009a,D,ES2009a.D.dialog-act.vkaraisk.34,comment-about-understanding,ami_da_12,423.81,424.738,928.0,Uh
ES2009a,D,ES2009a.D.dialog-act.vkaraisk.84,comment-about-understanding,ami_da_12,596.416,598.33,1914.0,Yeah
ES2009a,D,ES2009a.D.dialog-act.vkaraisk.106,comment-about-understanding,ami_da_12,658.12,658.88,760.0,Of course .
ES2009a,D,ES2009a.D.dialog-act.vkaraisk.145,comment-about-understanding,ami_da_12,1037.68,1038.17,490.0,Okay .
ES2009a,D,ES2009a.D.dialog-act.vkaraisk.188,comment-about-understanding,ami_da_12,1209.86,1210.27,410.0,Right .
ES2009a,D,ES2009a.D.dialog-act.vkaraisk.218,comment-about-understanding,ami_da_12,1395.61,1395.95,340.0,'Kay .
ES2009b,A,ES2009b.A.dialog-act.vkaraisk.58,comment-about-understanding,ami_da_12,285.65,286.91,1260.0,"Okay , okay ."
ES2009b,A,ES2009b.A.dialog-act.vkaraisk.111,comment-about-understanding,ami_da_12,751.32,751.74,420.0,Mm .
ES2009b,A,ES2009b.A.dialog-act.vkaraisk.131,comment-about-understanding,ami_da_12,892.02,892.51,490.0,Okay .
ES2009b,A,ES2009b.A.dialog-act.vkaraisk.155,comment-about-understanding,ami_da_12,985.37,985.62,250.0,Okay .
ES2009b,A,ES2009b.A.dialog-act.vkaraisk.177,comment-about-understanding,ami_da_12,1080.62,1084.448,3828.0,Yeah yeah okay . Um
ES2009b,A,ES2009b.A.dialog-act.vkaraisk.201,comment-about-understanding,ami_da_12,1156.45,1156.77,320.0,Okay .
ES2009b,A,ES2009b.A.dialog-act.vkaraisk.254,comment-about-understanding,ami_da_12,1359.08,1359.58,500.0,Yeah I know
ES2009b,A,ES2009b.A.dialog-act.vkaraisk.268,comment-about-understanding,ami_da_12,1388.19,1388.31,120.0,Oh
ES2009b,A,ES2009b.A.dialog-act.vkaraisk.270,comment-about-understanding,ami_da_12,1388.83,1389.1,270.0,okay
ES2009b,A,ES2009b.A.dialog-act.vkaraisk.272,comment-about-understanding,ami_da_12,1391.1,1392.18,1080.0,Okay .
ES2009b,B,ES2009b.B.dialog-act.vkaraisk.48,comment-about-understanding,ami_da_12,229.9,231.46,1560.0,I don't really know what it means .
ES2009b,B,ES2009b.B.dialog-act.vkaraisk.72,comment-about-understanding,ami_da_12,742.54,743.68,1140.0,Right .
ES2009b,D,ES2009b.D.dialog-act.vkaraisk.1,comment-about-understanding,ami_da_12,29.32,29.78,460.0,Okay .
ES2009b,D,ES2009b.D.dialog-act.vkaraisk.60,comment-about-understanding,ami_da_12,693.14,693.48,340.0,Right .
ES2009b,D,ES2009b.D.dialog-act.vkaraisk.64,comment-about-understanding,ami_da_12,741.64,741.92,280.0,Yeah .
ES2009b,D,ES2009b.D.dialog-act.vkaraisk.65,comment-about-understanding,ami_da_12,751.488,752.47,982.0,Oh .
ES2009b,D,ES2009b.D.dialog-act.vkaraisk.71,comment-about-understanding,ami_da_12,765.51,765.92,410.0,Okay .
ES2009b,D,ES2009b.D.dialog-act.vkaraisk.79,comment-about-understanding,ami_da_12,824.44,824.81,370.0,Yeah .
ES2009b,D,ES2009b.D.dialog-act.vkaraisk.86,comment-about-understanding,ami_da_12,841.67,842.25,580.0,Okay .
ES2009b,D,ES2009b.D.dialog-act.vkaraisk.105,comment-about-understanding,ami_da_12,984.47,986.17,1700.0,Mm . Just the casing .
ES2009b,D,ES2009b.D.dialog-act.vkaraisk.108,comment-about-understanding,ami_da_12,1012.44,1012.68,240.0,Right .
ES2009b,D,ES2009b.D.dialog-act.vkaraisk.117,comment-about-understanding,ami_da_12,1051.5,1051.53,30.0,Oh
ES2009b,D,ES2009b.D.dialog-act.vkaraisk.161,comment-about-understanding,ami_da_12,1423.42,1423.73,310.0,Yeah .
ES2009c,A,ES2009c.A.dialog-act.vkaraisk.39,comment-about-understanding,ami_da_12,212.21,212.88,670.0,"Okay ,"
ES2009c,A,ES2009c.A.dialog-act.vkaraisk.93,comment-about-understanding,ami_da_12,771.65,773.68,2030.0,I can see .
ES2009c,A,ES2009c.A.dialog-act.vkaraisk.153,comment-about-understanding,ami_da_12,1166.97,1167.37,400.0,Yeah .
ES2009c,A,ES2009c.A.dialog-act.vkaraisk.181,comment-about-understanding,ami_da_12,1288.25,1290.1,1850.0,Okay .
ES2009c,A,ES2009c.A.dialog-act.vkaraisk.183,comment-about-understanding,ami_da_12,1294.15,1294.87,720.0,Okay .
ES2009c,A,ES2009c.A.dialog-act.vkaraisk.199,comment-about-understanding,ami_da_12,1374.71,1375.7,990.0,Okay .
ES2009c,A,ES2009c.A.dialog-act.vkaraisk.285,comment-about-understanding,ami_da_12,1790.71,1790.99,280.0,"Oh ,"
ES2009c,A,ES2009c.A.dialog-act.vkaraisk.320,elicit-comment-understanding,ami_da_13,1946.11,1947.44,1330.0,you guys feel clear about this ?
ES2009c,B,ES2009c.B.dialog-act.vkaraisk.141,comment-about-understanding,ami_da_12,1321.27,1321.62,350.0,Okay .
ES2009c,B,ES2009c.B.dialog-act.vkaraisk.164,comment-about-understanding,ami_da_12,1492.63,1492.91,280.0,"Yeah ,"
ES2009c,B,ES2009c.B.dialog-act.vkaraisk.169,comment-about-understanding,ami_da_12,1541.18,1541.66,480.0,Right .
ES2009c,C,ES2009c.C.dialog-act.vkaraisk.100,comment-about-understanding,ami_da_12,1361.04,1361.63,590.0,Calculator .
ES2009c,C,ES2009c.C.dialog-act.vkaraisk.111,comment-about-understanding,ami_da_12,1492.87,1493.49,620.0,Exactly .
ES2009c,D,ES2009c.D.dialog-act.vkaraisk.11,comment-about-understanding,ami_da_12,243.607,244.49,883.0,Right .
ES2009c,D,ES2009c.D.dialog-act.vkaraisk.50,comment-about-understanding,ami_da_12,496.88,498.47,1590.0,"or okay ,"
ES2009c,D,ES2009c.D.dialog-act.vkaraisk.76,comment-about-understanding,ami_da_12,592.74,593.39,650.0,"Ah ,"
ES2009c,D,ES2009c.D.dialog-act.vkaraisk.110,comment-about-understanding,ami_da_12,956.55,957.11,560.0,Okay .
ES2009c,D,ES2009c.D.dialog-act.vkaraisk.174,comment-about-understanding,ami_da_12,1374.5,1374.73,230.0,Okay .
ES2009c,D,ES2009c.D.dialog-act.vkaraisk.193,elicit-comment-understanding,ami_da_13,1490.81,1492.86,2050.0,you know like that little pod looking thing ?
ES2009c,D,ES2009c.D.dialog-act.vkaraisk.244,comment-about-understanding,ami_da_12,1787.67,1787.98,310.0,Uh .
ES2009d,A,ES2009d.A.dialog-act.vkaraisk.52,comment-about-understanding,ami_da_12,307.104,307.84,736.0,"Oh , right ."
ES2009d,A,ES2009d.A.dialog-act.vkaraisk.56,comment-about-understanding,ami_da_12,380.8,381.27,470.0,Oh
ES2009d,A,ES2009d.A.dialog-act.vkaraisk.92,comment-about-understanding,ami_da_12,670.13,672.49,2360.0,With the ba okay . Um
ES2009d,A,ES2009d.A.dialog-act.vkaraisk.99,comment-about-understanding,ami_da_12,692.1,692.67,570.0,Okay .
ES2009d,A,ES2009d.A.dialog-act.vkaraisk.227,elicit-comment-understanding,ami_da_13,1428.49,1429.19,700.0,you know ?
ES2009d,A,ES2009d.A.dialog-act.vkaraisk.229,comment-about-understanding,ami_da_12,1453.96,1454.91,950.0,"Yeah , yeah ."
ES2009d,A,ES2009d.A.dialog-act.vkaraisk.251,comment-about-understanding,ami_da_12,1544.93,1547.187,2257.0,Mm .
ES2009d,A,ES2009d.A.dialog-act.vkaraisk.286,comment-about-understanding,ami_da_12,1657.552,1659.28,1728.0,Yeah .
ES2009d,A,ES2009d.A.dialog-act.vkaraisk.306,comment-about-understanding,ami_da_12,1740.44,1740.68,240.0,Oh .
ES2009d,A,ES2009d.A.dialog-act.vkaraisk.362,comment-about-understanding,ami_da_12,1932.01,1932.63,620.0,Yeah .
ES2009d,B,ES2009d.B.dialog-act.vkaraisk.2,comment-about-understanding,ami_da_12,78.76,78.97,210.0,Oh
ES2009d,B,ES2009d.B.dialog-act.vkaraisk.4,comment-about-understanding,ami_da_12,79.57,79.99,420.0,Okay .
ES2009d,B,ES2009d.B.dialog-act.vkaraisk.83,elicit-comment-understanding,ami_da_13,618.24,618.89,650.0,if you know what I mean .
ES2009d,B,ES2009d.B.dialog-act.vkaraisk.142,comment-about-understanding,ami_da_12,1134.58,1134.84,260.0,'Kay .
ES2009d,B,ES2009d.B.dialog-act.vkaraisk.261,comment-about-understanding,ami_da_12,1983.11,1984.06,950.0,Disfluencies .
ES2009d,C,ES2009d.C.dialog-act.vkaraisk.56,comment-about-understanding,ami_da_12,552.52,553.71,1190.0,"Oh I see ,"
ES2009d,C,ES2009d.C.dialog-act.vkaraisk.201,comment-about-understanding,ami_da_12,2046.87,2047.85,980.0,In the eighties ?
ES2009d,C,ES2009d.C.dialog-act.vkaraisk.209,comment-about-understanding,ami_da_12,2095.25,2095.69,440.0,Huh ?
ES2009d,D,ES2009d.D.dialog-act.vkaraisk.2,comment-about-understanding,ami_da_12,26.02,26.19,170.0,Oh
ES2009d,D,ES2009d.D.dialog-act.vkaraisk.8,comment-about-understanding,ami_da_12,80.53,80.93,400.0,Huh .
ES2009d,D,ES2009d.D.dialog-act.vkaraisk.19,comment-about-understanding,ami_da_12,309.62,311.34,1720.0,Ah . I see .
ES2009d,D,ES2009d.D.dialog-act.vkaraisk.24,comment-about-understanding,ami_da_12,393.61,394.16,550.0,"Oh okay ,"
ES2009d,D,ES2009d.D.dialog-act.vkaraisk.27,comment-about-understanding,ami_da_12,396.13,396.94,810.0,okay .
ES2009d,D,ES2009d.D.dialog-act.vkaraisk.35,comment-about-understanding,ami_da_12,491.93,492.41,480.0,Okay .
ES2009d,D,ES2009d.D.dialog-act.vkaraisk.37,comment-about-understanding,ami_da_12,510.22,510.63,410.0,Mm 'kay .
ES2009d,D,ES2009d.D.dialog-act.vkaraisk.46,comment-about-understanding,ami_da_12,562.8,563.38,580.0,Okay .
ES2009d,D,ES2009d.D.dialog-act.vkaraisk.51,comment-about-understanding,ami_da_12,573.76,574.45,690.0,Okay
ES2009d,D,ES2009d.D.dialog-act.vkaraisk.58,comment-about-understanding,ami_da_12,600.93,601.39,460.0,Okay .
ES2009d,D,ES2009d.D.dialog-act.vkaraisk.60,comment-about-understanding,ami_da_12,619.03,619.79,760.0,Yep .
ES2009d,D,ES2009d.D.dialog-act.vkaraisk.140,comment-about-understanding,ami_da_12,1129.61,1130.12,510.0,Okay .
ES2009d,D,ES2009d.D.dialog-act.vkaraisk.222,comment-about-understanding,ami_da_12,1447.232,1449.88,2648.0,I could only imagine .
ES2009d,D,ES2009d.D.dialog-act.vkaraisk.267,elicit-comment-understanding,ami_da_13,1657.91,1658.49,580.0,you know ?
ES2009d,D,ES2009d.D.dialog-act.vkaraisk.311,comment-about-understanding,ami_da_12,1806.19,1809.01,2820.0,I know it is .
ES2010b,A,ES2010b.A.dialog-act.dharshi.206,comment-about-understanding,ami_da_12,1215.18,1216.66,1480.0,"Mm-hmm , volume ."
ES2010c,A,ES2010c.A.dialog-act.dharshi.25,comment-about-understanding,ami_da_12,179.62,180.44,820.0,Right . Yes .
ES2010c,A,ES2010c.A.dialog-act.dharshi.42,comment-about-understanding,ami_da_12,305.48,305.98,500.0,Sorry ?
ES2010c,A,ES2010c.A.dialog-act.dharshi.176,comment-about-understanding,ami_da_12,1439.06,1439.97,910.0,"Oh , I see what you mean ."
ES2010c,B,ES2010c.B.dialog-act.dharshi.5,comment-about-understanding,ami_da_12,179.343,180.64,1297.0,Yeah th
ES2010c,D,ES2010c.D.dialog-act.dharshi.25,elicit-comment-understanding,ami_da_13,178.55,180.14,1590.0,I mean do you guys know what I mean .
ES2010c,D,ES2010c.D.dialog-act.dharshi.162,comment-about-understanding,ami_da_12,1465.13,1466.11,980.0,Oh if it's just up and down .
ES2010d,A,ES2010d.A.dialog-act.dharshi.22,comment-about-understanding,ami_da_12,168.06,168.95,890.0,Single .
ES2010d,A,ES2010d.A.dialog-act.dharshi.32,comment-about-understanding,ami_da_12,204.44,204.68,240.0,Right .
ES2010d,C,ES2010d.C.dialog-act.dharshi.82,comment-about-understanding,ami_da_12,604.21,605.01,800.0,push-buttons .
ES2010d,C,ES2010d.C.dialog-act.dharshi.93,comment-about-understanding,ami_da_12,651.32,651.81,490.0,"Oh , I see ."
ES2010d,D,ES2010d.D.dialog-act.dharshi.86,comment-about-understanding,ami_da_12,462.752,463.43,678.0,What ?
ES2011a,A,ES2011a.A.dialog-act.dharshi.154,comment-about-understanding,ami_da_12,1042.22,1044.16,1940.0,User Interface Designer .
ES2011a,A,ES2011a.A.dialog-act.dharshi.162,comment-about-understanding,ami_da_12,1092.74,1094.86,2120.0,"Marketing , right . Um ."
ES2011a,C,ES2011a.C.dialog-act.dharshi.69,comment-about-understanding,ami_da_12,771.01,771.57,560.0,Bigger .
ES2011b,A,ES2011b.A.dialog-act.dharshi.15,comment-about-understanding,ami_da_12,88.39,88.58,190.0,Hm ?
ES2011b,A,ES2011b.A.dialog-act.dharshi.64,comment-about-understanding,ami_da_12,902.96,903.73,770.0,"Oh , uh ."
ES2011b,B,ES2011b.B.dialog-act.dharshi.44,comment-about-understanding,ami_da_12,758.19,758.33,140.0,Mm ?
ES2011b,C,ES2011b.C.dialog-act.dharshi.58,comment-about-understanding,ami_da_12,902.6,902.85,250.0,Oh .
ES2011c,A,ES2011c.A.dialog-act.dharshi.91,elicit-comment-understanding,ami_da_13,912.8,913.81,1010.0,do you know what I'm talking about though ?
ES2011c,A,ES2011c.A.dialog-act.dharshi.142,comment-about-understanding,ami_da_12,1193.73,1194.28,550.0,A ball ?
ES2011c,A,ES2011c.A.dialog-act.dharshi.149,comment-about-understanding,ami_da_12,1234.04,1234.7,660.0,That
ES2011c,A,ES2011c.A.dialog-act.dharshi.190,comment-about-understanding,ami_da_12,1435.79,1436.88,1090.0,Was that you ?
ES2011c,B,ES2011c.B.dialog-act.dharshi.24,comment-about-understanding,ami_da_12,244.8,245.14,340.0,hmm ?
ES2011c,B,ES2011c.B.dialog-act.dharshi.64,comment-about-understanding,ami_da_12,913.43,914.51,1080.0,Yeah .
ES2011c,C,ES2011c.C.dialog-act.dharshi.103,comment-about-understanding,ami_da_12,779.51,781.45,1940.0,Hmm ?
ES2011c,C,ES2011c.C.dialog-act.dharshi.250,comment-about-understanding,ami_da_12,1490.18,1490.97,790.0,Oh .
ES2011d,B,ES2011d.B.dialog-act.dharshi.42,comment-about-understanding,ami_da_12,553.72,553.92,200.0,Hmm ?
ES2011d,B,ES2011d.B.dialog-act.dharshi.60,comment-about-understanding,ami_da_12,872.26,872.53,270.0,Huh ?
ES2011d,C,ES2011d.C.dialog-act.dharshi.77,comment-about-understanding,ami_da_12,1208.34,1209.39,1050.0,Huh ?
ES2011d,C,ES2011d.C.dialog-act.dharshi.78,comment-about-understanding,ami_da_12,1209.39,1209.99,600.0,Oh okay .
ES2011d,D,ES2011d.D.dialog-act.dharshi.68,comment-about-understanding,ami_da_12,821.22,822.96,1740.0,Right . One ?
ES2011d,D,ES2011d.D.dialog-act.dharshi.69,comment-about-understanding,ami_da_12,825.85,827.39,1540.0,Five .
ES2012a,A,ES2012a.A.dialog-act.vkaraisk.87,comment-about-understanding,ami_da_12,451.36,451.59,230.0,Sorry ?
ES2012a,A,ES2012a.A.dialog-act.vkaraisk.107,comment-about-understanding,ami_da_12,610.71,611.04,330.0,Uh-huh .
ES2012a,A,ES2012a.A.dialog-act.vkaraisk.114,comment-about-understanding,ami_da_12,630.22,630.48,260.0,Uh-huh .
ES2012a,A,ES2012a.A.dialog-act.vkaraisk.147,comment-about-understanding,ami_da_12,923.89,925.46,1570.0,"Okay ,"
ES2012a,C,ES2012a.C.dialog-act.vkaraisk.23,elicit-comment-understanding,ami_da_13,543.19,544.22,1030.0,you know .
ES2012b,A,ES2012b.A.dialog-act.vkaraisk.83,comment-about-understanding,ami_da_12,682.1,682.7,600.0,Mm . Right .
ES2012b,A,ES2012b.A.dialog-act.vkaraisk.96,comment-about-understanding,ami_da_12,750.72,751.807,1087.0,Yeah .
ES2012b,A,ES2012b.A.dialog-act.vkaraisk.115,comment-about-understanding,ami_da_12,864.34,867.36,3020.0,That would 've speech recogn right .
ES2012b,A,ES2012b.A.dialog-act.vkaraisk.192,comment-about-understanding,ami_da_12,1197.82,1198.39,570.0,"Yep , yep ."
ES2012b,A,ES2012b.A.dialog-act.vkaraisk.261,comment-about-understanding,ami_da_12,1882.65,1883.72,1070.0,Yeah .
ES2012b,A,ES2012b.A.dialog-act.vkaraisk.303,comment-about-understanding,ami_da_12,2019.06,2019.54,480.0,Right .
ES2012b,B,ES2012b.B.dialog-act.vkaraisk.17,comment-about-understanding,ami_da_12,923.0,925.963,2963.0,Yeah .
ES2012b,B,ES2012b.B.dialog-act.vkaraisk.38,comment-about-understanding,ami_da_12,1416.8,1417.12,320.0,"Oh yeah ,"
ES2012b,B,ES2012b.B.dialog-act.vkaraisk.152,comment-about-understanding,ami_da_12,2206.45,2207.838,1388.0,Yeah .
ES2012b,B,ES2012b.B.dialog-act.vkaraisk.153,comment-about-understanding,ami_da_12,2208.62,2208.99,370.0,Okay .
ES2012b,C,ES2012b.C.dialog-act.vkaraisk.22,comment-about-understanding,ami_da_12,923.355,926.576,3221.0,Oh .
ES2012b,C,ES2012b.C.dialog-act.vkaraisk.31,comment-about-understanding,ami_da_12,1238.73,1239.68,950.0,Oh .
ES2012b,C,ES2012b.C.dialog-act.vkaraisk.107,comment-about-understanding,ami_da_12,2018.352,2020.59,2238.0,Per hour ?
ES2012b,C,ES2012b.C.dialog-act.vkaraisk.125,comment-about-understanding,ami_da_12,2188.82,2189.39,570.0,"okay , okay ."
ES2012b,C,ES2012b.C.dialog-act.vkaraisk.126,comment-about-understanding,ami_da_12,2193.11,2193.9,790.0,Okay .
ES2012b,C,ES2012b.C.dialog-act.vkaraisk.128,comment-about-understanding,ami_da_12,2207.75,2208.41,660.0,Oh okay .
ES2012b,D,ES2012b.D.dialog-act.vkaraisk.87,elicit-comment-understanding,ami_da_13,749.91,750.46,550.0,You see what I mean ?
ES2012b,D,ES2012b.D.dialog-act.vkaraisk.98,comment-about-understanding,ami_da_12,791.2,792.13,930.0,Oh yeah .
ES2012b,D,ES2012b.D.dialog-act.vkaraisk.129,comment-about-understanding,ami_da_12,1065.76,1068.45,2690.0,"Oh I see . Oh yeah , I see ."
ES2012b,D,ES2012b.D.dialog-act.vkaraisk.138,comment-about-understanding,ami_da_12,1104.97,1105.06,90.0,Oh
ES2012b,D,ES2012b.D.dialog-act.vkaraisk.196,comment-about-understanding,ami_da_12,2205.62,2207.37,1750.0,Oh okay . Oh yeah .
ES2012c,A,ES2012c.A.dialog-act.vkaraisk.68,comment-about-understanding,ami_da_12,537.99,539.05,1060.0,"Right ,"
ES2012c,A,ES2012c.A.dialog-act.vkaraisk.115,comment-about-understanding,ami_da_12,862.6,863.71,1110.0,"Mm , right , okay ."
ES2012c,A,ES2012c.A.dialog-act.vkaraisk.117,comment-about-understanding,ami_da_12,873.19,873.77,580.0,"Yeah ,"
ES2012c,A,ES2012c.A.dialog-act.vkaraisk.118,comment-about-understanding,ami_da_12,873.77,874.512,742.0,it should be
ES2012c,A,ES2012c.A.dialog-act.vkaraisk.119,comment-about-understanding,ami_da_12,876.45,877.42,970.0,"Right , okay ,"
ES2012c,A,ES2012c.A.dialog-act.vkaraisk.131,comment-about-understanding,ami_da_12,915.93,916.32,390.0,No ?
ES2012c,A,ES2012c.A.dialog-act.vkaraisk.153,comment-about-understanding,ami_da_12,1046.97,1048.68,1710.0,"Okay , fair enough , fine ."
ES2012c,A,ES2012c.A.dialog-act.vkaraisk.157,comment-about-understanding,ami_da_12,1061.7,1065.01,3310.0,So three three there's three buttons on a slider .
ES2012c,A,ES2012c.A.dialog-act.vkaraisk.160,comment-about-understanding,ami_da_12,1087.95,1089.12,1170.0,Okay .
ES2012c,A,ES2012c.A.dialog-act.vkaraisk.163,comment-about-understanding,ami_da_12,1100.49,1102.01,1520.0,This one on the one side and one
ES2012c,A,ES2012c.A.dialog-act.vkaraisk.174,comment-about-understanding,ami_da_12,1132.66,1133.69,1030.0,"Just for the volume , uh ."
ES2012c,A,ES2012c.A.dialog-act.vkaraisk.175,comment-about-understanding,ami_da_12,1143.54,1143.89,350.0,"Fingers ,"
ES2012c,A,ES2012c.A.dialog-act.vkaraisk.223,comment-about-understanding,ami_da_12,1446.24,1449.32,3080.0,I know what you're saying and uh understand where you're coming from .
ES2012c,A,ES2012c.A.dialog-act.vkaraisk.306,comment-about-understanding,ami_da_12,1853.51,1857.17,3660.0,I'm getting a clear message that we think that we should have those facilities available .
ES2012c,A,ES2012c.A.dialog-act.vkaraisk.311,comment-about-understanding,ami_da_12,1877.62,1882.74,5120.0,"We actually use the television , okay . Okay , okay , okay ."
ES2012c,A,ES2012c.A.dialog-act.vkaraisk.314,comment-about-understanding,ami_da_12,1908.97,1910.63,1660.0,Mm yeah .
ES2012c,A,ES2012c.A.dialog-act.vkaraisk.390,elicit-comment-understanding,ami_da_13,2195.85,2198.55,2700.0,we're all clear where we go from here .
ES2012c,B,ES2012c.B.dialog-act.vkaraisk.116,comment-about-understanding,ami_da_12,1080.49,1080.74,250.0,Mm .
ES2012c,B,ES2012c.B.dialog-act.vkaraisk.145,comment-about-understanding,ami_da_12,1329.27,1329.89,620.0,"Mm , yeah ,"
ES2012c,B,ES2012c.B.dialog-act.vkaraisk.254,comment-about-understanding,ami_da_12,1905.14,1907.64,2500.0,"Mm , oka yeah . Yeah ."
ES2012c,B,ES2012c.B.dialog-act.vkaraisk.277,comment-about-understanding,ami_da_12,2196.61,2197.02,410.0,"Yep ,"
ES2012c,C,ES2012c.C.dialog-act.vkaraisk.12,comment-about-understanding,ami_da_12,594.35,595.74,1390.0,Okay .
ES2012c,C,ES2012c.C.dialog-act.vkaraisk.14,comment-about-understanding,ami_da_12,596.71,597.3,590.0,Okay .
ES2012c,C,ES2012c.C.dialog-act.vkaraisk.73,comment-about-understanding,ami_da_12,1080.05,1080.4,350.0,Yeah .
ES2012c,C,ES2012c.C.dialog-act.vkaraisk.177,elicit-comment-understanding,ami_da_13,1908.01,1908.59,580.0,You know what I mean ?
ES2012c,C,ES2012c.C.dialog-act.vkaraisk.196,comment-about-understanding,ami_da_12,2195.947,2197.1,1153.0,Yep .
ES2012c,D,ES2012c.D.dialog-act.vkaraisk.15,elicit-comment-understanding,ami_da_13,1077.46,1078.12,660.0,"if you know what I mean ,"
ES2012c,D,ES2012c.D.dialog-act.vkaraisk.17,elicit-comment-understanding,ami_da_13,1079.43,1080.72,1290.0,if you see what I mean .
ES2012c,D,ES2012c.D.dialog-act.vkaraisk.23,comment-about-understanding,ami_da_12,1098.147,1098.9,753.0,Oh .
ES2012c,D,ES2012c.D.dialog-act.vkaraisk.32,comment-about-understanding,ami_da_12,1154.07,1154.58,510.0,"Oh yeah ,"
ES2012c,D,ES2012c.D.dialog-act.vkaraisk.54,comment-about-understanding,ami_da_12,1271.98,1272.69,710.0,"Uh yeah ,"
ES2012c,D,ES2012c.D.dialog-act.vkaraisk.108,comment-about-understanding,ami_da_12,1615.09,1615.73,640.0,Oh yeah .
ES2012c,D,ES2012c.D.dialog-act.vkaraisk.143,comment-about-understanding,ami_da_12,1983.05,1984.402,1352.0,Cool . Uh
ES2012c,D,ES2012c.D.dialog-act.vkaraisk.154,comment-about-understanding,ami_da_12,2199.12,2199.52,400.0,Mm-hmm .
ES2012d,A,ES2012d.A.dialog-act.vkaraisk.16,comment-about-understanding,ami_da_12,89.25,89.7,450.0,Uh-huh .
ES2012d,A,ES2012d.A.dialog-act.vkaraisk.34,comment-about-understanding,ami_da_12,142.55,143.63,1080.0,"Okay ,"
ES2012d,A,ES2012d.A.dialog-act.vkaraisk.37,comment-about-understanding,ami_da_12,150.86,151.48,620.0,Okay .
ES2012d,A,ES2012d.A.dialog-act.vkaraisk.39,comment-about-understanding,ami_da_12,159.39,159.84,450.0,"Okay ,"
ES2012d,A,ES2012d.A.dialog-act.vkaraisk.41,comment-about-understanding,ami_da_12,168.29,169.67,1380.0,"Yep , right ."
ES2012d,A,ES2012d.A.dialog-act.vkaraisk.42,comment-about-understanding,ami_da_12,171.09,172.36,1270.0,"Yeah , yeah ."
ES2012d,A,ES2012d.A.dialog-act.vkaraisk.45,comment-about-understanding,ami_da_12,178.87,179.36,490.0,Right .
ES2012d,A,ES2012d.A.dialog-act.vkaraisk.92,comment-about-understanding,ami_da_12,315.75,317.23,1480.0,Oh right . Ah .
ES2012d,A,ES2012d.A.dialog-act.vkaraisk.145,comment-about-understanding,ami_da_12,544.19,544.37,180.0,Oh
ES2012d,C,ES2012d.C.dialog-act.vkaraisk.26,comment-about-understanding,ami_da_12,187.856,188.94,1084.0,Oh .
ES2012d,C,ES2012d.C.dialog-act.vkaraisk.82,comment-about-understanding,ami_da_12,942.73,943.37,640.0,Okay .
ES2012d,D,ES2012d.D.dialog-act.vkaraisk.26,comment-about-understanding,ami_da_12,607.024,607.98,956.0,Yeah .
ES2012d,D,ES2012d.D.dialog-act.vkaraisk.28,comment-about-understanding,ami_da_12,616.59,619.95,3360.0,Yes .
ES2013a,A,ES2013a.A.dialog-act.vkaraisk.7,comment-about-understanding,ami_da_12,56.32,56.64,320.0,Oh .
ES2013a,A,ES2013a.A.dialog-act.vkaraisk.8,comment-about-understanding,ami_da_12,61.99,62.13,140.0,Uh .
ES2013a,A,ES2013a.A.dialog-act.vkaraisk.30,elicit-comment-understanding,ami_da_13,176.55,178.92,2370.0,Okay ?
ES2013a,A,ES2013a.A.dialog-act.vkaraisk.47,comment-about-understanding,ami_da_12,263.62,263.93,310.0,Uh-huh .
ES2013a,A,ES2013a.A.dialog-act.vkaraisk.56,comment-about-understanding,ami_da_12,317.16,318.46,1300.0,Argh .
ES2013a,A,ES2013a.A.dialog-act.vkaraisk.67,comment-about-understanding,ami_da_12,390.34,391.2,860.0,"Oh , okay ."
ES2013a,A,ES2013a.A.dialog-act.vkaraisk.112,elicit-comment-understanding,ami_da_13,593.71,594.21,500.0,Okay ?
ES2013a,A,ES2013a.A.dialog-act.vkaraisk.150,comment-about-understanding,ami_da_12,805.44,806.88,1440.0,Alright .
ES2013a,B,ES2013a.B.dialog-act.vkaraisk.19,comment-about-understanding,ami_da_12,302.16,303.29,1130.0,No it's not a mouse .
ES2013a,B,ES2013a.B.dialog-act.vkaraisk.21,comment-about-understanding,ami_da_12,317.84,318.16,320.0,A what ?
ES2013a,B,ES2013a.B.dialog-act.vkaraisk.24,comment-about-understanding,ami_da_12,323.69,328.42,4730.0,Oh right .
ES2013a,B,ES2013a.B.dialog-act.vkaraisk.39,comment-about-understanding,ami_da_12,819.77,819.92,150.0,'Kay .
ES2013a,D,ES2013a.D.dialog-act.vkaraisk.20,comment-about-understanding,ami_da_12,538.24,540.73,2490.0,And and your question is how many do we have to sell ?
ES2013a,D,ES2013a.D.dialog-act.vkaraisk.55,comment-about-understanding,ami_da_12,819.14,819.41,270.0,Okay .
ES2013b,A,ES2013b.A.dialog-act.vkaraisk.22,comment-about-understanding,ami_da_12,81.89,83.31,1420.0,Okay .
ES2013b,A,ES2013b.A.dialog-act.vkaraisk.36,elicit-comment-understanding,ami_da_13,152.672,156.8,4128.0,Anybody have any questions on those minutes ?
ES2013b,A,ES2013b.A.dialog-act.vkaraisk.49,comment-about-understanding,ami_da_12,197.51,198.11,600.0,okay .
ES2013b,A,ES2013b.A.dialog-act.vkaraisk.54,comment-about-understanding,ami_da_12,212.57,213.37,800.0,Okay .
ES2013b,A,ES2013b.A.dialog-act.vkaraisk.109,comment-about-understanding,ami_da_12,980.77,981.33,560.0,Okay .
ES2013b,A,ES2013b.A.dialog-act.vkaraisk.137,comment-about-understanding,ami_da_12,1422.517,1426.12,3603.0,Oh .
ES2013b,A,ES2013b.A.dialog-act.vkaraisk.138,comment-about-understanding,ami_da_12,1428.24,1432.15,3910.0,Mm . What they cost .
ES2013b,A,ES2013b.A.dialog-act.vkaraisk.184,comment-about-understanding,ami_da_12,1790.04,1791.46,1420.0,Ah .
ES2013b,A,ES2013b.A.dialog-act.vkaraisk.190,comment-about-understanding,ami_da_12,1809.16,1809.77,610.0,uh-huh .
ES2013b,A,ES2013b.A.dialog-act.vkaraisk.193,comment-about-understanding,ami_da_12,1858.45,1863.73,5280.0,Mm . Okay .
ES2013b,A,ES2013b.A.dialog-act.vkaraisk.243,elicit-comment-understanding,ami_da_13,2121.06,2121.43,370.0,Okay ?
ES2013b,B,ES2013b.B.dialog-act.vkaraisk.4,comment-about-understanding,ami_da_12,177.008,177.38,372.0,Okay .
ES2013b,B,ES2013b.B.dialog-act.vkaraisk.124,comment-about-understanding,ami_da_12,1836.1,1837.31,1210.0,"Okay , yep , mm-hmm ."
ES2013b,B,ES2013b.B.dialog-act.vkaraisk.132,comment-about-understanding,ami_da_12,2001.99,2002.34,350.0,"Ah okay ,"
ES2013b,B,ES2013b.B.dialog-act.vkaraisk.134,comment-about-understanding,ami_da_12,2003.33,2003.65,320.0,yeah .
ES2013b,B,ES2013b.B.dialog-act.vkaraisk.142,comment-about-understanding,ami_da_12,2122.47,2122.71,240.0,Okay .
ES2013b,C,ES2013b.C.dialog-act.vkaraisk.68,comment-about-understanding,ami_da_12,1423.984,1425.39,1406.0,Oh right .
ES2013b,C,ES2013b.C.dialog-act.vkaraisk.117,comment-about-understanding,ami_da_12,2071.12,2071.41,290.0,"Alright ,"
ES2013b,C,ES2013b.C.dialog-act.vkaraisk.126,comment-about-understanding,ami_da_12,2121.653,2122.59,937.0,Okay .
ES2013b,D,ES2013b.D.dialog-act.vkaraisk.8,comment-about-understanding,ami_da_12,264.11,264.54,430.0,Okay .
ES2013b,D,ES2013b.D.dialog-act.vkaraisk.113,comment-about-understanding,ami_da_12,1434.84,1435.27,430.0,Okay .
ES2013b,D,ES2013b.D.dialog-act.vkaraisk.199,comment-about-understanding,ami_da_12,1857.49,1858.03,540.0,"Yeah ,"
ES2013c,A,ES2013c.A.dialog-act.vkaraisk.48,comment-about-understanding,ami_da_12,263.31,263.96,650.0,Okay .
ES2013c,A,ES2013c.A.dialog-act.vkaraisk.63,comment-about-understanding,ami_da_12,307.56,310.37,2810.0,"You respond to whatever you get , huh ?"
ES2013c,A,ES2013c.A.dialog-act.vkaraisk.64,comment-about-understanding,ami_da_12,310.37,310.76,390.0,Okay .
ES2013c,A,ES2013c.A.dialog-act.vkaraisk.155,comment-about-understanding,ami_da_12,1997.57,1998.24,670.0,Okay .
ES2013c,A,ES2013c.A.dialog-act.vkaraisk.169,comment-about-understanding,ami_da_12,2100.12,2100.42,300.0,Oh .
ES2013c,A,ES2013c.A.dialog-act.vkaraisk.170,comment-about-understanding,ami_da_12,2107.51,2108.1,590.0,Okay .
ES2013c,A,ES2013c.A.dialog-act.vkaraisk.176,comment-about-understanding,ami_da_12,2119.83,2120.76,930.0,"Oh , okay ."
ES2013c,A,ES2013c.A.dialog-act.vkaraisk.193,comment-about-understanding,ami_da_12,2213.77,2214.23,460.0,"Okay ,"
ES2013c,A,ES2013c.A.dialog-act.vkaraisk.203,comment-about-understanding,ami_da_12,2270.91,2272.26,1350.0,Oh .
ES2013c,A,ES2013c.A.dialog-act.vkaraisk.205,comment-about-understanding,ami_da_12,2276.34,2278.82,2480.0,"Oh , okay ."
ES2013c,B,ES2013c.B.dialog-act.vkaraisk.153,comment-about-understanding,ami_da_12,1696.944,1697.45,506.0,Right .
ES2013c,C,ES2013c.C.dialog-act.vkaraisk.40,comment-about-understanding,ami_da_12,953.632,955.34,1708.0,A wind-up .
ES2013c,D,ES2013c.D.dialog-act.vkaraisk.77,comment-about-understanding,ami_da_12,686.736,687.53,794.0,Alright .
ES2013c,D,ES2013c.D.dialog-act.vkaraisk.115,comment-about-understanding,ami_da_12,1192.32,1192.72,400.0,Hmm .
ES2013c,D,ES2013c.D.dialog-act.vkaraisk.121,comment-about-understanding,ami_da_12,1227.2,1228.72,1520.0,"Alright ,"
ES2013d,A,ES2013d.A.dialog-act.vkaraisk.17,comment-about-understanding,ami_da_12,90.22,90.83,610.0,Okay .
ES2013d,A,ES2013d.A.dialog-act.vkaraisk.144,comment-about-understanding,ami_da_12,1418.31,1419.02,710.0,Okay .
ES2013d,A,ES2013d.A.dialog-act.vkaraisk.147,comment-about-understanding,ami_da_12,1429.49,1430.47,980.0,Oh
ES2013d,A,ES2013d.A.dialog-act.vkaraisk.155,comment-about-understanding,ami_da_12,1475.94,1476.21,270.0,"Okay ,"
ES2013d,A,ES2013d.A.dialog-act.vkaraisk.187,comment-about-understanding,ami_da_12,1605.52,1605.82,300.0,Oh .
ES2013d,A,ES2013d.A.dialog-act.vkaraisk.223,comment-about-understanding,ami_da_12,1801.77,1802.26,490.0,Uh-huh .
ES2013d,B,ES2013d.B.dialog-act.vkaraisk.79,comment-about-understanding,ami_da_12,1279.072,1279.6,528.0,Right .
ES2013d,B,ES2013d.B.dialog-act.vkaraisk.108,comment-about-understanding,ami_da_12,1556.51,1557.08,570.0,'Kay .
ES2013d,C,ES2013d.C.dialog-act.vkaraisk.28,elicit-comment-understanding,ami_da_13,425.97,427.01,1040.0,Right ?
ES2013d,C,ES2013d.C.dialog-act.vkaraisk.89,comment-about-understanding,ami_da_12,676.04,676.97,930.0,oh right .
ES2013d,C,ES2013d.C.dialog-act.vkaraisk.190,comment-about-understanding,ami_da_12,1496.71,1496.87,160.0,Oh
ES2013d,C,ES2013d.C.dialog-act.vkaraisk.225,comment-about-understanding,ami_da_12,1876.32,1876.5,180.0,Yeah .
ES2013d,D,ES2013d.D.dialog-act.vkaraisk.49,comment-about-understanding,ami_da_12,948.68,950.31,1630.0,Did you say ?
ES2013d,D,ES2013d.D.dialog-act.vkaraisk.50,comment-about-understanding,ami_da_12,950.31,952.28,1970.0,"Uh okay ,"
ES2013d,D,ES2013d.D.dialog-act.vkaraisk.79,comment-about-understanding,ami_da_12,1044.01,1044.3,290.0,Yeah .
ES2013d,D,ES2013d.D.dialog-act.vkaraisk.90,comment-about-understanding,ami_da_12,1098.32,1098.65,330.0,Okay .
ES2013d,D,ES2013d.D.dialog-act.vkaraisk.100,comment-about-understanding,ami_da_12,1121.11,1122.09,980.0,Okay .
ES2013d,D,ES2013d.D.dialog-act.vkaraisk.132,comment-about-understanding,ami_da_12,1226.8,1227.17,370.0,Okay .
ES2013d,D,ES2013d.D.dialog-act.vkaraisk.157,comment-about-understanding,ami_da_12,1334.304,1335.2,896.0,Okay .
ES2014a,A,ES2014a.A.dialog-act.s9553330.17,comment-about-understanding,ami_da_12,145.91,146.48,570.0,"Oh I see ,"
ES2014a,A,ES2014a.A.dialog-act.s9553330.19,comment-about-understanding,ami_da_12,156.88,158.68,1800.0,"Oh right okay , so ."
ES2014a,A,ES2014a.A.dialog-act.s9553330.101,comment-about-understanding,ami_da_12,788.33,789.71,1380.0,And see .
ES2014a,A,ES2014a.A.dialog-act.s9553330.148,elicit-comment-understanding,ami_da_13,1085.65,1090.39,4740.0,Are we all clear what objectives we're looking to meet in the next thirty minutes ?
ES2014a,A,ES2014a.A.dialog-act.s9553330.154,elicit-comment-understanding,ami_da_13,1131.41,1132.75,1340.0,Okay ?
ES2014a,B,ES2014a.B.dialog-act.s9553330.68,comment-about-understanding,ami_da_12,1090.49,1090.9,410.0,Yes .
ES2014a,C,ES2014a.C.dialog-act.s9553330.3,comment-about-understanding,ami_da_12,137.09,140.02,2930.0,I'm not exactly sure what you mean by tool training .
ES2014a,C,ES2014a.C.dialog-act.s9553330.49,comment-about-understanding,ami_da_12,1100.2,1103.43,3230.0,I'm not exactly clear on what we're designing the rem remote for .
ES2014a,D,ES2014a.D.dialog-act.s9553330.73,comment-about-understanding,ami_da_12,1090.06,1090.3,240.0,Mm-hmm .
ES2014a,D,ES2014a.D.dialog-act.s9553330.75,comment-about-understanding,ami_da_12,1124.06,1125.19,1130.0,Okay cool .
ES2014b,A,ES2014b.A.dialog-act.s9553330.5,comment-about-understanding,ami_da_12,81.37,83.22,1850.0,"Microsoft PowerPoint , right ."
ES2014b,A,ES2014b.A.dialog-act.s9553330.14,comment-about-understanding,ami_da_12,127.29,128.73,1440.0,Three presentations .
ES2014b,A,ES2014b.A.dialog-act.s9553330.15,comment-about-understanding,ami_da_12,134.79,136.17,1380.0,"I see , right ."
ES2014b,A,ES2014b.A.dialog-act.s9553330.168,elicit-comment-understanding,ami_da_13,1630.45,1635.15,4700.0,Does that make reasonable sense ?
ES2014b,A,ES2014b.A.dialog-act.s9553330.241,comment-about-understanding,ami_da_12,2089.75,2090.12,370.0,Sorry ?
ES2014b,B,ES2014b.B.dialog-act.s9553330.108,comment-about-understanding,ami_da_12,942.96,943.61,650.0,"Okay , yeah ."
ES2014b,B,ES2014b.B.dialog-act.s9553330.157,comment-about-understanding,ami_da_12,1633.28,1634.28,1000.0,Yes that seems right .
ES2014b,B,ES2014b.B.dialog-act.s9553330.198,comment-about-understanding,ami_da_12,1974.96,1976.17,1210.0,"Right , okay um ."
ES2014b,B,ES2014b.B.dialog-act.s9553330.243,comment-about-understanding,ami_da_12,2283.44,2283.87,430.0,"Oh , okay ."
ES2014b,C,ES2014b.C.dialog-act.s9553330.70,comment-about-understanding,ami_da_12,974.16,975.05,890.0,Okay .
ES2014b,C,ES2014b.C.dialog-act.s9553330.85,comment-about-understanding,ami_da_12,1633.78,1633.99,210.0,Yeah .
ES2014b,D,ES2014b.D.dialog-act.s9553330.104,comment-about-understanding,ami_da_12,1633.88,1634.67,790.0,"Okay , yeah ."
ES2014b,D,ES2014b.D.dialog-act.s9553330.107,comment-about-understanding,ami_da_12,1667.04,1668.09,1050.0,Okay . Yep .
ES2014b,D,ES2014b.D.dialog-act.s9553330.124,comment-about-understanding,ami_da_12,1800.993,1802.95,1957.0,"Taking out teletext , okay ."
ES2014b,D,ES2014b.D.dialog-act.s9553330.153,comment-about-understanding,ami_da_12,1992.72,1992.91,190.0,Right .
ES2014c,A,ES2014c.A.dialog-act.s9553330.33,comment-about-understanding,ami_da_12,542.84,543.25,410.0,Mm-hmm .
ES2014c,A,ES2014c.A.dialog-act.s9553330.46,elicit-comment-understanding,ami_da_13,593.34,595.29,1950.0,Does that make sense ?
ES2014c,A,ES2014c.A.dialog-act.s9553330.57,comment-about-understanding,ami_da_12,653.52,653.98,460.0,Okay .
ES2014c,A,ES2014c.A.dialog-act.s9553330.94,comment-about-understanding,ami_da_12,870.55,871.86,1310.0,Oh .
ES2014c,A,ES2014c.A.dialog-act.s9553330.129,comment-about-understanding,ami_da_12,1139.07,1139.87,800.0,Okay .
ES2014c,A,ES2014c.A.dialog-act.s9553330.248,comment-about-understanding,ami_da_12,2078.82,2079.12,300.0,Yep .
ES2014c,A,ES2014c.A.dialog-act.s9553330.258,comment-about-understanding,ami_da_12,2164.53,2164.94,410.0,A apple .
ES2014c,A,ES2014c.A.dialog-act.s9553330.263,comment-about-understanding,ami_da_12,2180.82,2181.81,990.0,A red apple ?
ES2014c,B,ES2014c.B.dialog-act.s9553330.104,comment-about-understanding,ami_da_12,776.9,777.3,400.0,"Okay ,"
ES2014c,B,ES2014c.B.dialog-act.s9553330.107,comment-about-understanding,ami_da_12,781.15,781.97,820.0,Oh that makes sense .
ES2014c,B,ES2014c.B.dialog-act.s9553330.216,comment-about-understanding,ami_da_12,1787.57,1789.15,1580.0,Oh okay yes
ES2014c,B,ES2014c.B.dialog-act.s9553330.241,comment-about-understanding,ami_da_12,2067.19,2067.32,130.0,"'Kay ,"
ES2014c,C,ES2014c.C.dialog-act.s9553330.132,comment-about-understanding,ami_da_12,1637.55,1638.18,630.0,"Oh right ,"
ES2014d,A,ES2014d.A.dialog-act.s9553330.92,elicit-comment-understanding,ami_da_13,610.31,610.75,440.0,Okay .
ES2014d,A,ES2014d.A.dialog-act.s9553330.100,comment-about-understanding,ami_da_12,676.06,676.91,850.0,"Oh , I see ,"
ES2014d,A,ES2014d.A.dialog-act.s9553330.232,comment-about-understanding,ami_da_12,1584.2,1584.97,770.0,Alright .
ES2014d,A,ES2014d.A.dialog-act.s9553330.335,comment-about-understanding,ami_da_12,2404.48,2406.4,1920.0,Individual meetings . How do you mean ?
ES2014d,A,ES2014d.A.dialog-act.s9553330.405,comment-about-understanding,ami_da_12,2855.99,2856.8,810.0,recognition .
ES2014d,B,ES2014d.B.dialog-act.s9553330.58,elicit-comment-understanding,ami_da_13,730.86,731.52,660.0,You know what I mean ?
ES2014d,C,ES2014d.C.dialog-act.s9553330.126,comment-about-understanding,ami_da_12,2081.36,2082.05,690.0,Alright .
ES2014d,D,ES2014d.D.dialog-act.s9553330.19,comment-about-understanding,ami_da_12,124.38,125.36,980.0,"Oh , okay . Right ."
ES2014d,D,ES2014d.D.dialog-act.s9553330.128,comment-about-understanding,ami_da_12,1039.46,1040.63,1170.0,But not the kinetic .
ES2014d,D,ES2014d.D.dialog-act.s9553330.397,comment-about-understanding,ami_da_12,2884.77,2885.91,1140.0,Hmm ?
ES2015a,A,ES2015a.A.dialog-act.dharshi.166,comment-about-understanding,ami_da_12,1107.36,1108.22,860.0,Industrial Designer .
ES2015a,A,ES2015a.A.dialog-act.dharshi.176,comment-about-understanding,ami_da_12,1129.06,1131.17,2110.0,Marketing Expert .
ES2015a,B,ES2015a.B.dialog-act.dharshi.33,comment-about-understanding,ami_da_12,470.34,471.08,740.0,You do .
ES2015a,D,ES2015a.D.dialog-act.dharshi.86,comment-about-understanding,ami_da_12,1107.5,1108.42,920.0,"Oh , industrial ."
ES2015b,A,ES2015b.A.dialog-act.dharshi.75,comment-about-understanding,ami_da_12,912.33,913.7,1370.0,what was that last thing that you just said ?
ES2015b,A,ES2015b.A.dialog-act.dharshi.78,comment-about-understanding,ami_da_12,950.26,953.76,3500.0,that eighty percent of users would spend more money when a remote control would look fancy .
ES2015b,A,ES2015b.A.dialog-act.dharshi.114,comment-about-understanding,ami_da_12,1350.22,1351.93,1710.0,"Um , I don't know what an L_C_D_ screen is ."
ES2015b,A,ES2015b.A.dialog-act.dharshi.115,comment-about-understanding,ami_da_12,1362.81,1364.33,1520.0,I have no idea still .
ES2015b,A,ES2015b.A.dialog-act.dharshi.117,comment-about-understanding,ami_da_12,1368.19,1369.8,1610.0,"Oh , on the remote ."
ES2015b,A,ES2015b.A.dialog-act.dharshi.118,comment-about-understanding,ami_da_12,1369.8,1370.35,550.0,Okay .
ES2015b,A,ES2015b.A.dialog-act.dharshi.158,comment-about-understanding,ami_da_12,1677.55,1678.99,1440.0,The little R_ R_ yellow thing ?
ES2015b,A,ES2015b.A.dialog-act.dharshi.160,comment-about-understanding,ami_da_12,1679.97,1680.63,660.0,Real Reaction ?
ES2015b,A,ES2015b.A.dialog-act.dharshi.273,comment-about-understanding,ami_da_12,2204.11,2205.91,1800.0,Like an iPod or something ?
ES2015b,A,ES2015b.A.dialog-act.dharshi.275,comment-about-understanding,ami_da_12,2208.01,2209.09,1080.0,Like a cellphone ? Yeah .
ES2015b,B,ES2015b.B.dialog-act.dharshi.6,comment-about-understanding,ami_da_12,101.94,102.51,570.0,plugged in .
ES2015b,B,ES2015b.B.dialog-act.dharshi.7,comment-about-understanding,ami_da_12,105.29,108.02,2730.0,F_ okay . Function F_ eight .
ES2015b,C,ES2015b.C.dialog-act.dharshi.14,comment-about-understanding,ami_da_12,563.15,563.97,820.0,Oh right .
ES2015b,C,ES2015b.C.dialog-act.dharshi.40,elicit-comment-understanding,ami_da_13,712.51,714.82,2310.0,Does anyone have any questions ?
ES2015b,C,ES2015b.C.dialog-act.dharshi.165,comment-about-understanding,ami_da_12,2200.81,2202.02,1210.0,Oh yeah .
ES2015b,C,ES2015b.C.dialog-act.dharshi.166,comment-about-understanding,ami_da_12,2202.02,2203.43,1410.0,Interchangeable thing ?
ES2015b,D,ES2015b.D.dialog-act.dharshi.11,comment-about-understanding,ami_da_12,628.45,630.49,2040.0,what was that last one . Multifunctional and
ES2015b,D,ES2015b.D.dialog-act.dharshi.10,comment-about-understanding,ami_da_12,633.53,635.23,1700.0,"Ch Oh , I see ."
ES2015b,D,ES2015b.D.dialog-act.dharshi.16,comment-about-understanding,ami_da_12,743.91,744.96,1050.0,D_V_D_s and V_C_R_ ?
ES2015b,D,ES2015b.D.dialog-act.dharshi.97,comment-about-understanding,ami_da_12,1101.49,1101.97,480.0,Okay .
ES2015b,D,ES2015b.D.dialog-act.dharshi.100,comment-about-understanding,ami_da_12,1103.53,1104.15,620.0,Okay .
ES2015b,D,ES2015b.D.dialog-act.dharshi.112,comment-about-understanding,ami_da_12,1137.7,1138.45,750.0,Changing the channels ?
ES2015b,D,ES2015b.D.dialog-act.dharshi.125,comment-about-understanding,ami_da_12,1177.6,1178.5,900.0,Ah .
ES2015b,D,ES2015b.D.dialog-act.dharshi.217,comment-about-understanding,ami_da_12,1723.67,1723.96,290.0,Yeah ?
ES2015b,D,ES2015b.D.dialog-act.dharshi.231,comment-about-understanding,ami_da_12,1900.03,1900.76,730.0,On the buttons ?
ES2015b,D,ES2015b.D.dialog-act.dharshi.267,comment-about-understanding,ami_da_12,2089.99,2090.66,670.0,"Oh right ,"
ES2015c,A,ES2015c.A.dialog-act.dharshi.93,comment-about-understanding,ami_da_12,826.78,828.02,1240.0,Oh . Okay . Yeah .
ES2015c,A,ES2015c.A.dialog-act.dharshi.107,comment-about-understanding,ami_da_12,907.99,908.34,350.0,Hmm ?
ES2015c,A,ES2015c.A.dialog-act.dharshi.115,comment-about-understanding,ami_da_12,953.68,954.05,370.0,"Oh yeah ,"
ES2015c,A,ES2015c.A.dialog-act.dharshi.224,comment-about-understanding,ami_da_12,1716.06,1717.82,1760.0,"That's called medium , or regular ?"
ES2015c,A,ES2015c.A.dialog-act.dharshi.240,comment-about-understanding,ami_da_12,1787.35,1789.23,1880.0,Did you say command line ?
ES2015c,B,ES2015c.B.dialog-act.dharshi.41,comment-about-understanding,ami_da_12,252.85,253.89,1040.0,Sorry ?
ES2015c,B,ES2015c.B.dialog-act.dharshi.144,comment-about-understanding,ami_da_12,645.02,647.73,2710.0,Like as a backup for something .
ES2015c,B,ES2015c.B.dialog-act.dharshi.295,comment-about-understanding,ami_da_12,1776.84,1778.26,1420.0,Your screen ?
ES2015c,C,ES2015c.C.dialog-act.dharshi.43,comment-about-understanding,ami_da_12,768.97,771.01,2040.0,You don't know why ?
ES2015c,C,ES2015c.C.dialog-act.dharshi.111,elicit-comment-understanding,ami_da_13,1058.5,1060.25,1750.0,Does anyone have any questions ?
ES2015c,C,ES2015c.C.dialog-act.dharshi.117,elicit-comment-understanding,ami_da_13,1152.21,1153.23,1020.0,Do you know what I mean ?
ES2015c,D,ES2015c.D.dialog-act.dharshi.9,comment-about-understanding,ami_da_12,577.84,578.82,980.0,Like the skin ?
ES2015c,D,ES2015c.D.dialog-act.dharshi.50,comment-about-understanding,ami_da_12,1087.79,1089.759,1969.0,You mean different colours for the lighting or
ES2015c,D,ES2015c.D.dialog-act.dharshi.52,comment-about-understanding,ami_da_12,1102.52,1103.48,960.0,Oh I see what you're saying .
ES2015c,D,ES2015c.D.dialog-act.dharshi.54,comment-about-understanding,ami_da_12,1107.42,1109.45,2030.0,Oh so you're picturing the light is coming from the back .
ES2015c,D,ES2015c.D.dialog-act.dharshi.56,comment-about-understanding,ami_da_12,1115.01,1117.08,2070.0,"But , but I guess , you mean from the back ."
ES2015c,D,ES2015c.D.dialog-act.dharshi.63,comment-about-understanding,ami_da_12,1153.24,1154.82,1580.0,"They , they insert over ."
ES2015c,D,ES2015c.D.dialog-act.dharshi.129,elicit-comment-understanding,ami_da_13,1509.669,1511.58,1911.0,"And , did you have any questions ?"
ES2015c,D,ES2015c.D.dialog-act.dharshi.136,comment-about-understanding,ami_da_12,1611.66,1612.32,660.0,The PowerPoint ?
ES2015d,A,ES2015d.A.dialog-act.dharshi.16,comment-about-understanding,ami_da_12,138.39,139.66,1270.0,On ?
ES2015d,A,ES2015d.A.dialog-act.dharshi.18,comment-about-understanding,ami_da_12,139.66,140.92,1260.0,A mango .
ES2015d,A,ES2015d.A.dialog-act.dharshi.48,comment-about-understanding,ami_da_12,318.45,319.22,770.0,C_ and V_ .
ES2015d,A,ES2015d.A.dialog-act.dharshi.51,comment-about-understanding,ami_da_12,325.9,326.74,840.0,Oh okay .
ES2015d,A,ES2015d.A.dialog-act.dharshi.106,comment-about-understanding,ami_da_12,697.79,698.42,630.0,Oh okay .
ES2015d,A,ES2015d.A.dialog-act.dharshi.127,comment-about-understanding,ami_da_12,819.61,821.24,1630.0,The plus number thing .
ES2015d,A,ES2015d.A.dialog-act.dharshi.156,comment-about-understanding,ami_da_12,1007.64,1008.39,750.0,Oh yeah .
ES2015d,A,ES2015d.A.dialog-act.dharshi.169,comment-about-understanding,ami_da_12,1101.46,1102.5,1040.0,Oh okay .
ES2015d,A,ES2015d.A.dialog-act.dharshi.299,comment-about-understanding,ami_da_12,1676.95,1678.2,1250.0,Pushed for creativity ?
ES2015d,A,ES2015d.A.dialog-act.dharshi.330,comment-about-understanding,ami_da_12,1854.24,1854.46,220.0,Hmm ?
ES2015d,B,ES2015d.B.dialog-act.dharshi.99,comment-about-understanding,ami_da_12,748.21,749.283,1073.0,fancy
ES2015d,B,ES2015d.B.dialog-act.dharshi.251,comment-about-understanding,ami_da_12,1663.29,1666.81,3520.0,So wh how we actually went round uh about doing it .
ES2015d,B,ES2015d.B.dialog-act.dharshi.296,comment-about-understanding,ami_da_12,1876.57,1877.35,780.0,Sorry ?
ES2015d,B,ES2015d.B.dialog-act.dharshi.297,comment-about-understanding,ami_da_12,1878.57,1880.77,2200.0,Oh yeah .
ES2015d,C,ES2015d.C.dialog-act.dharshi.177,comment-about-understanding,ami_da_12,1150.09,1151.44,1350.0,Oh okay . Right .
ES2015d,D,ES2015d.D.dialog-act.dharshi.4,comment-about-understanding,ami_da_12,155.07,155.84,770.0,where's the L_E_D_ ?
ES2015d,D,ES2015d.D.dialog-act.dharshi.22,comment-about-understanding,ami_da_12,316.67,317.53,860.0,Channel up volume up .
ES2015d,D,ES2015d.D.dialog-act.dharshi.55,comment-about-understanding,ami_da_12,589.47,589.89,420.0,Oh .
ES2015d,D,ES2015d.D.dialog-act.dharshi.88,comment-about-understanding,ami_da_12,731.89,732.86,970.0,It's what ?
ES2015d,D,ES2015d.D.dialog-act.dharshi.93,comment-about-understanding,ami_da_12,733.24,736.09,2850.0,the mango the mango look .
ES2015d,D,ES2015d.D.dialog-act.dharshi.101,comment-about-understanding,ami_da_12,753.03,753.4,370.0,Two .
ES2015d,D,ES2015d.D.dialog-act.dharshi.204,comment-about-understanding,ami_da_12,1098.8,1100.46,1660.0,oh you're just explaining why it's not on the prototype .
ES2015d,D,ES2015d.D.dialog-act.dharshi.260,comment-about-understanding,ami_da_12,1287.43,1288.06,630.0,Four ?
ES2015d,D,ES2015d.D.dialog-act.dharshi.273,comment-about-understanding,ami_da_12,1320.31,1320.68,370.0,they are ?
ES2015d,D,ES2015d.D.dialog-act.dharshi.275,comment-about-understanding,ami_da_12,1322.55,1323.59,1040.0,okay .
ES2015d,D,ES2015d.D.dialog-act.dharshi.330,comment-about-understanding,ami_da_12,1845.48,1846.98,1500.0,"I'm not sure , new ideas found ."
ES2016a,A,ES2016a.A.dialog-act.vkaraisk.3,comment-about-understanding,ami_da_12,28.01,29.25,1240.0,"Oh , alright ."
ES2016a,A,ES2016a.A.dialog-act.vkaraisk.4,comment-about-understanding,ami_da_12,35.424,35.88,456.0,Okay .
ES2016a,A,ES2016a.A.dialog-act.vkaraisk.5,comment-about-understanding,ami_da_12,60.49,62.85,2360.0,Okay .
ES2016a,A,ES2016a.A.dialog-act.vkaraisk.59,comment-about-understanding,ami_da_12,458.87,459.58,710.0,'Kay .
ES2016a,A,ES2016a.A.dialog-act.vkaraisk.68,comment-about-understanding,ami_da_12,514.46,516.28,1820.0,'Kay .
ES2016a,A,ES2016a.A.dialog-act.vkaraisk.102,comment-about-understanding,ami_da_12,825.41,828.19,2780.0,You're the the Industrial Designer .
ES2016a,A,ES2016a.A.dialog-act.vkaraisk.179,comment-about-understanding,ami_da_12,1273.43,1274.96,1530.0,More expensive and yeah .
ES2016a,A,ES2016a.A.dialog-act.vkaraisk.180,comment-about-understanding,ami_da_12,1278.457,1279.25,793.0,'Kay .
ES2016a,A,ES2016a.A.dialog-act.vkaraisk.183,comment-about-understanding,ami_da_12,1325.73,1326.21,480.0,'Kay .
ES2016a,B,ES2016a.B.dialog-act.vkaraisk.13,comment-about-understanding,ami_da_12,416.39,416.78,390.0,Right .
ES2016a,B,ES2016a.B.dialog-act.vkaraisk.30,comment-about-understanding,ami_da_12,640.04,640.57,530.0,Right .
ES2016a,B,ES2016a.B.dialog-act.vkaraisk.81,comment-about-understanding,ami_da_12,1210.15,1212.07,1920.0,Right . Right .
ES2016a,B,ES2016a.B.dialog-act.vkaraisk.97,elicit-comment-understanding,ami_da_13,1256.15,1256.53,380.0,right ?
ES2016a,C,ES2016a.C.dialog-act.vkaraisk.20,comment-about-understanding,ami_da_12,343.25,343.5,250.0,Oh right .
ES2016b,A,ES2016b.A.dialog-act.vkaraisk.43,comment-about-understanding,ami_da_12,211.18,211.63,450.0,Okay .
ES2016b,A,ES2016b.A.dialog-act.vkaraisk.64,comment-about-understanding,ami_da_12,324.01,324.24,230.0,Oh
ES2016b,A,ES2016b.A.dialog-act.vkaraisk.71,comment-about-understanding,ami_da_12,347.96,351.65,3690.0,oh give us the slideshow and something on your screen ?
ES2016b,A,ES2016b.A.dialog-act.vkaraisk.83,comment-about-understanding,ami_da_12,848.84,851.22,2380.0,What was your last conclusion on that one ? Focus on
ES2016b,A,ES2016b.A.dialog-act.vkaraisk.85,comment-about-understanding,ami_da_12,853.36,853.95,590.0,the image of it .
ES2016b,A,ES2016b.A.dialog-act.vkaraisk.86,comment-about-understanding,ami_da_12,855.36,856.44,1080.0,'Kay .
ES2016b,A,ES2016b.A.dialog-act.vkaraisk.252,comment-about-understanding,ami_da_12,2039.71,2040.12,410.0,yeah .
ES2016b,B,ES2016b.B.dialog-act.vkaraisk.12,elicit-comment-understanding,ami_da_13,927.31,928.59,1280.0,Right .
ES2016b,B,ES2016b.B.dialog-act.vkaraisk.21,elicit-comment-understanding,ami_da_13,954.22,954.6,380.0,Okay
ES2016b,B,ES2016b.B.dialog-act.vkaraisk.36,elicit-comment-understanding,ami_da_13,1006.94,1007.18,240.0,right ?
ES2016b,B,ES2016b.B.dialog-act.vkaraisk.41,elicit-comment-understanding,ami_da_13,1036.93,1038.54,1610.0,Right ?
ES2016b,B,ES2016b.B.dialog-act.vkaraisk.58,elicit-comment-understanding,ami_da_13,1119.38,1119.66,280.0,Right ?
ES2016b,B,ES2016b.B.dialog-act.vkaraisk.82,comment-about-understanding,ami_da_12,1314.33,1314.36,30.0,Oh
ES2016b,B,ES2016b.B.dialog-act.vkaraisk.123,elicit-comment-understanding,ami_da_13,2038.16,2039.96,1800.0,"You know what I'm getting at here ,"
ES2016b,B,ES2016b.B.dialog-act.vkaraisk.130,comment-about-understanding,ami_da_12,2068.18,2068.93,750.0,Right .
ES2016b,B,ES2016b.B.dialog-act.vkaraisk.160,comment-about-understanding,ami_da_12,2403.72,2404.77,1050.0,Alright .
ES2016b,C,ES2016b.C.dialog-act.vkaraisk.15,comment-about-understanding,ami_da_12,513.94,515.21,1270.0,I think . That's what I guess .
ES2016b,C,ES2016b.C.dialog-act.vkaraisk.163,comment-about-understanding,ami_da_12,2376.32,2377.02,700.0,How well it'll work
ES2016b,C,ES2016b.C.dialog-act.vkaraisk.166,comment-about-understanding,ami_da_12,2403.69,2404.14,450.0,Yeah .
ES2016b,D,ES2016b.D.dialog-act.vkaraisk.7,comment-about-understanding,ami_da_12,231.83,232.5,670.0,F_ eight ?
ES2016b,D,ES2016b.D.dialog-act.vkaraisk.11,comment-about-understanding,ami_da_12,265.07,266.24,1170.0,Oh right right right .
ES2016b,D,ES2016b.D.dialog-act.vkaraisk.12,comment-about-understanding,ami_da_12,267.45,268.19,740.0,That one ?
ES2016b,D,ES2016b.D.dialog-act.vkaraisk.13,comment-about-understanding,ami_da_12,268.19,268.96,770.0,Okay .
ES2016b,D,ES2016b.D.dialog-act.vkaraisk.62,comment-about-understanding,ami_da_12,428.6,432.56,3960.0,And if anyone could clarify what that means ?
ES2016b,D,ES2016b.D.dialog-act.vkaraisk.64,comment-about-understanding,ami_da_12,435.38,436.738,1358.0,Okay .
ES2016b,D,ES2016b.D.dialog-act.vkaraisk.80,comment-about-understanding,ami_da_12,511.77,512.51,740.0,What is it ?
ES2016b,D,ES2016b.D.dialog-act.vkaraisk.81,comment-about-understanding,ami_da_12,514.1,515.26,1160.0,Okay .
ES2016b,D,ES2016b.D.dialog-act.vkaraisk.82,comment-about-understanding,ami_da_12,515.26,518.49,3230.0,Okay .
ES2016b,D,ES2016b.D.dialog-act.vkaraisk.108,comment-about-understanding,ami_da_12,629.63,630.52,890.0,'Kay .
ES2016b,D,ES2016b.D.dialog-act.vkaraisk.140,comment-about-understanding,ami_da_12,2040.1,2040.38,280.0,Mm-hmm .
ES2016c,B,ES2016c.B.dialog-act.dharshi.77,elicit-comment-understanding,ami_da_13,1279.02,1279.44,420.0,Right ?
ES2016c,B,ES2016c.B.dialog-act.dharshi.212,elicit-comment-understanding,ami_da_13,2040.19,2040.48,290.0,Right ?
ES2016c,D,ES2016c.D.dialog-act.dharshi.111,comment-about-understanding,ami_da_12,2130.04,2130.4,360.0,Yeah ?
ES2016d,A,ES2016d.A.dialog-act.dharshi.45,comment-about-understanding,ami_da_12,300.4,300.96,560.0,"Uh , 'kay ."
ES2016d,B,ES2016d.B.dialog-act.dharshi.160,comment-about-understanding,ami_da_12,1297.622,1299.38,1758.0,central ?
ES2016d,D,ES2016d.D.dialog-act.dharshi.62,comment-about-understanding,ami_da_12,697.73,699.51,1780.0,Annoying alarm or something ?
IB4003,A,IB4003.A.dialog-act.s9553330.199,comment-about-understanding,ami_da_12,1086.77,1087.35,580.0,"Okay , yeah ."
IB4003,A,IB4003.A.dialog-act.s9553330.200,comment-about-understanding,ami_da_12,1084.11,1084.76,650.0,Uh-huh .
IB4003,A,IB4003.A.dialog-act.s9553330.308,comment-about-understanding,ami_da_12,1625.17,1627.25,2080.0,Ah . Okay .
IB4003,B,IB4003.B.dialog-act.s9553330.16,comment-about-understanding,ami_da_12,1196.4,1196.81,410.0,Ah okay .
IB4003,B,IB4003.B.dialog-act.s9553330.47,comment-about-understanding,ami_da_12,1884.58,1884.71,130.0,No ?
IB4003,B,IB4003.B.dialog-act.s9553330.49,comment-about-understanding,ami_da_12,1902.44,1903.45,1010.0,Ah okay .
IB4003,D,IB4003.D.dialog-act.s9553330.1,comment-about-understanding,ami_da_12,45.41,45.71,300.0,Okay .
IB4003,D,IB4003.D.dialog-act.s9553330.91,comment-about-understanding,ami_da_12,1015.7,1017.03,1330.0,Oh sharing with their students .
IB4003,D,IB4003.D.dialog-act.s9553330.156,comment-about-understanding,ami_da_12,1366.83,1367.15,320.0,Okay .
IB4003,D,IB4003.D.dialog-act.s9553330.159,comment-about-understanding,ami_da_12,1373.62,1374.41,790.0,"The balcony , okay ."
IB4003,D,IB4003.D.dialog-act.s9553330.212,comment-about-understanding,ami_da_12,1667.396,1668.5,1104.0,Yeah ?
IS1000a,A,IS1000a.A.dialog-act.vkaraisk.14,comment-about-understanding,ami_da_12,570.62,573.58,2960.0,M my my favourite animal .
IS1000a,A,IS1000a.A.dialog-act.vkaraisk.48,comment-about-understanding,ami_da_12,766.79,767.712,922.0,Ah
IS1000a,A,IS1000a.A.dialog-act.vkaraisk.58,comment-about-understanding,ami_da_12,852.608,856.93,4322.0,Okay .
IS1000a,A,IS1000a.A.dialog-act.vkaraisk.76,comment-about-understanding,ami_da_12,993.41,993.51,100.0,"Oh ,"
IS1000a,A,IS1000a.A.dialog-act.vkaraisk.82,comment-about-understanding,ami_da_12,1013.07,1014.29,1220.0,Swordfish .
IS1000a,A,IS1000a.A.dialog-act.vkaraisk.122,comment-about-understanding,ami_da_12,1486.87,1487.15,280.0,Mm-hmm .
IS1000a,B,IS1000a.B.dialog-act.vkaraisk.10,comment-about-understanding,ami_da_12,166.09,167.57,1480.0,I don't know .
IS1000a,B,IS1000a.B.dialog-act.vkaraisk.75,comment-about-understanding,ami_da_12,464.26,465.55,1290.0,Yes .
IS1000a,B,IS1000a.B.dialog-act.vkaraisk.96,comment-about-understanding,ami_da_12,533.61,533.85,240.0,Okay .
IS1000a,B,IS1000a.B.dialog-act.vkaraisk.97,comment-about-understanding,ami_da_12,536.23,536.45,220.0,'Kay .
IS1000a,B,IS1000a.B.dialog-act.vkaraisk.106,comment-about-understanding,ami_da_12,579.42,581.776,2356.0,"Oh , I see uh"
IS1000a,B,IS1000a.B.dialog-act.vkaraisk.117,comment-about-understanding,ami_da_12,691.14,691.36,220.0,Oh .
IS1000a,B,IS1000a.B.dialog-act.vkaraisk.118,comment-about-understanding,ami_da_12,692.26,692.78,520.0,It's a dog .
IS1000a,B,IS1000a.B.dialog-act.vkaraisk.158,comment-about-understanding,ami_da_12,996.0,996.26,260.0,"Oh ,"
IS1000a,B,IS1000a.B.dialog-act.vkaraisk.188,elicit-comment-understanding,ami_da_13,1133.36,1133.55,190.0,huh ?
IS1000a,B,IS1000a.B.dialog-act.vkaraisk.190,comment-about-understanding,ami_da_12,1138.14,1138.68,540.0,Excuse me ?
IS1000a,B,IS1000a.B.dialog-act.vkaraisk.248,elicit-comment-understanding,ami_da_13,1486.8,1487.12,320.0,eh ?
IS1000a,C,IS1000a.C.dialog-act.vkaraisk.12,comment-about-understanding,ami_da_12,133.51,134.26,750.0,Yeah .
IS1000a,C,IS1000a.C.dialog-act.vkaraisk.32,comment-about-understanding,ami_da_12,637.14,637.55,410.0,Yeah .
IS1000a,C,IS1000a.C.dialog-act.vkaraisk.40,elicit-comment-understanding,ami_da_13,678.79,680.79,2000.0,You know ?
IS1000a,C,IS1000a.C.dialog-act.vkaraisk.58,comment-about-understanding,ami_da_12,805.41,805.84,430.0,Uh ?
IS1000a,C,IS1000a.C.dialog-act.vkaraisk.97,comment-about-understanding,ami_da_12,1251.08,1251.43,350.0,Sure .
IS1000a,C,IS1000a.C.dialog-act.vkaraisk.99,comment-about-understanding,ami_da_12,1255.69,1256.04,350.0,Oh .
IS1000a,C,IS1000a.C.dialog-act.vkaraisk.102,comment-about-understanding,ami_da_12,1261.71,1262.89,1180.0,Anna .
IS1000a,C,IS1000a.C.dialog-act.vkaraisk.130,comment-about-understanding,ami_da_12,1418.36,1420.19,1830.0,"it's okay , yeah I understand ."
IS1000a,C,IS1000a.C.dialog-act.vkaraisk.134,comment-about-understanding,ami_da_12,1434.24,1434.56,320.0,Yeah .
IS1000a,D,IS1000a.D.dialog-act.vkaraisk.9,comment-about-understanding,ami_da_12,133.07,134.12,1050.0,Yeah .
IS1000a,D,IS1000a.D.dialog-act.vkaraisk.18,elicit-comment-understanding,ami_da_13,166.36,166.72,360.0,You know ?
IS1000a,D,IS1000a.D.dialog-act.vkaraisk.66,comment-about-understanding,ami_da_12,924.14,925.43,1290.0,"a rat , okay ."
IS1000a,D,IS1000a.D.dialog-act.vkaraisk.69,comment-about-understanding,ami_da_12,957.86,958.51,650.0,"Okay , in the water ."
IS1000a,D,IS1000a.D.dialog-act.vkaraisk.75,comment-about-understanding,ami_da_12,994.15,994.24,90.0,Ah
IS1000a,D,IS1000a.D.dialog-act.vkaraisk.95,comment-about-understanding,ami_da_12,1075.04,1075.89,850.0,Per project .
IS1000a,D,IS1000a.D.dialog-act.vkaraisk.101,comment-about-understanding,ami_da_12,1146.0,1146.76,760.0,Four million .
IS1000a,D,IS1000a.D.dialog-act.vkaraisk.113,comment-about-understanding,ami_da_12,1257.98,1258.98,1000.0,Okay .
IS1000a,D,IS1000a.D.dialog-act.vkaraisk.116,comment-about-understanding,ami_da_12,1261.49,1262.17,680.0,Okay .
IS1000b,A,IS1000b.A.dialog-act.vkaraisk.52,comment-about-understanding,ami_da_12,523.56,524.34,780.0,For R_S_I_ ?
IS1000b,A,IS1000b.A.dialog-act.vkaraisk.117,comment-about-understanding,ami_da_12,835.65,837.0,1350.0,Sorry ?
IS1000b,A,IS1000b.A.dialog-act.vkaraisk.118,comment-about-understanding,ami_da_12,837.0,837.19,190.0,Oh .
IS1000b,A,IS1000b.A.dialog-act.vkaraisk.125,comment-about-understanding,ami_da_12,998.52,998.73,210.0,Mm-hmm .
IS1000b,A,IS1000b.A.dialog-act.vkaraisk.188,comment-about-understanding,ami_da_12,1727.76,1727.94,180.0,Mm .
IS1000b,A,IS1000b.A.dialog-act.vkaraisk.259,comment-about-understanding,ami_da_12,2122.9,2124.33,1430.0,Okay .
IS1000b,A,IS1000b.A.dialog-act.vkaraisk.264,comment-about-understanding,ami_da_12,2135.59,2136.38,790.0,Mm-hmm . Yep .
IS1000b,B,IS1000b.B.dialog-act.vkaraisk.85,comment-about-understanding,ami_da_12,798.06,800.89,2830.0,Mm . Okay . um
IS1000b,B,IS1000b.B.dialog-act.vkaraisk.92,comment-about-understanding,ami_da_12,999.14,999.35,210.0,Mm-hmm .
IS1000b,B,IS1000b.B.dialog-act.vkaraisk.117,comment-about-understanding,ami_da_12,1163.27,1164.11,840.0,Yes . Okay .
IS1000b,B,IS1000b.B.dialog-act.vkaraisk.126,comment-about-understanding,ami_da_12,1221.25,1221.74,490.0,Uh okay .
IS1000b,B,IS1000b.B.dialog-act.vkaraisk.131,comment-about-understanding,ami_da_12,1259.0,1259.13,130.0,Yes .
IS1000b,B,IS1000b.B.dialog-act.vkaraisk.227,comment-about-understanding,ami_da_12,2197.11,2197.78,670.0,Mm-hmm .
IS1000b,B,IS1000b.B.dialog-act.vkaraisk.242,comment-about-understanding,ami_da_12,2275.65,2275.87,220.0,no .
IS1000b,C,IS1000b.C.dialog-act.vkaraisk.9,comment-about-understanding,ami_da_12,526.05,526.5,450.0,Okay .
IS1000b,C,IS1000b.C.dialog-act.vkaraisk.32,comment-about-understanding,ami_da_12,747.83,748.19,360.0,Okay
IS1000b,C,IS1000b.C.dialog-act.vkaraisk.34,comment-about-understanding,ami_da_12,749.73,750.0,270.0,Okay .
IS1000b,D,IS1000b.D.dialog-act.vkaraisk.6,comment-about-understanding,ami_da_12,255.82,256.12,300.0,Okay .
IS1000b,D,IS1000b.D.dialog-act.vkaraisk.9,comment-about-understanding,ami_da_12,325.54,326.7,1160.0,"Oh the customers , okay ."
IS1000b,D,IS1000b.D.dialog-act.vkaraisk.11,comment-about-understanding,ami_da_12,506.66,509.436,2776.0,It's it's easy to learn or how do you say it's
IS1000b,D,IS1000b.D.dialog-act.vkaraisk.12,comment-about-understanding,ami_da_12,511.99,513.7,1710.0,Okay too much time to learn . Okay .
IS1000b,D,IS1000b.D.dialog-act.vkaraisk.19,comment-about-understanding,ami_da_12,553.18,553.95,770.0,okay .
IS1000b,D,IS1000b.D.dialog-act.vkaraisk.30,comment-about-understanding,ami_da_12,625.52,626.88,1360.0,Speech recognition in
IS1000b,D,IS1000b.D.dialog-act.vkaraisk.31,comment-about-understanding,ami_da_12,630.42,631.01,590.0,Ah okay .
IS1000b,D,IS1000b.D.dialog-act.vkaraisk.35,comment-about-understanding,ami_da_12,642.31,642.54,230.0,Okay .
IS1000b,D,IS1000b.D.dialog-act.vkaraisk.54,comment-about-understanding,ami_da_12,798.07,798.62,550.0,Mm 'kay .
IS1000b,D,IS1000b.D.dialog-act.vkaraisk.61,comment-about-understanding,ami_da_12,830.41,830.89,480.0,okay .
IS1000b,D,IS1000b.D.dialog-act.vkaraisk.74,elicit-comment-understanding,ami_da_13,900.64,901.24,600.0,alright .
IS1000b,D,IS1000b.D.dialog-act.vkaraisk.93,elicit-comment-understanding,ami_da_13,970.93,971.22,290.0,right .
IS1000b,D,IS1000b.D.dialog-act.vkaraisk.102,elicit-comment-understanding,ami_da_13,998.42,998.54,120.0,right .
IS1000b,D,IS1000b.D.dialog-act.vkaraisk.111,elicit-comment-understanding,ami_da_13,1032.13,1034.25,2120.0,you know .
IS1000b,D,IS1000b.D.dialog-act.vkaraisk.136,elicit-comment-understanding,ami_da_13,1164.66,1171.779,7119.0,Um . Okay .
IS1000b,D,IS1000b.D.dialog-act.vkaraisk.137,comment-about-understanding,ami_da_12,1174.56,1175.22,660.0,The frequencies ?
IS1000b,D,IS1000b.D.dialog-act.vkaraisk.160,comment-about-understanding,ami_da_12,1756.32,1756.98,660.0,Fourteen
IS1000b,D,IS1000b.D.dialog-act.vkaraisk.162,comment-about-understanding,ami_da_12,1758.07,1758.77,700.0,okay .
IS1000c,A,IS1000c.A.dialog-act.vkaraisk.138,comment-about-understanding,ami_da_12,1054.69,1054.94,250.0,Hmm .
IS1000c,B,IS1000c.B.dialog-act.vkaraisk.19,comment-about-understanding,ami_da_12,160.55,160.99,440.0,Okay .
IS1000c,B,IS1000c.B.dialog-act.vkaraisk.25,comment-about-understanding,ami_da_12,196.98,197.61,630.0,Oh okay .
IS1000c,B,IS1000c.B.dialog-act.vkaraisk.37,comment-about-understanding,ami_da_12,418.08,418.39,310.0,Okay .
IS1000c,B,IS1000c.B.dialog-act.vkaraisk.44,comment-about-understanding,ami_da_12,551.36,552.04,680.0,"Okay good ,"
IS1000c,C,IS1000c.C.dialog-act.vkaraisk.140,elicit-comment-understanding,ami_da_13,1202.8,1203.08,280.0,You know .
IS1000c,C,IS1000c.C.dialog-act.vkaraisk.148,comment-about-understanding,ami_da_12,1367.03,1368.61,1580.0,Yeah mm mm-hmm .
IS1000c,C,IS1000c.C.dialog-act.vkaraisk.161,comment-about-understanding,ami_da_12,1568.39,1568.75,360.0,Okay .
IS1000c,C,IS1000c.C.dialog-act.vkaraisk.162,comment-about-understanding,ami_da_12,1570.24,1570.58,340.0,Okay .
IS1000c,C,IS1000c.C.dialog-act.vkaraisk.203,elicit-comment-understanding,ami_da_13,1849.66,1849.95,290.0,you know .
IS1000c,D,IS1000c.D.dialog-act.vkaraisk.21,comment-about-understanding,ami_da_12,411.27,411.9,630.0,Okay .
IS1000c,D,IS1000c.D.dialog-act.vkaraisk.22,comment-about-understanding,ami_da_12,417.14,417.57,430.0,Yeah .
IS1000c,D,IS1000c.D.dialog-act.vkaraisk.42,comment-about-understanding,ami_da_12,833.16,833.55,390.0,Okay .
IS1000c,D,IS1000c.D.dialog-act.vkaraisk.44,comment-about-understanding,ami_da_12,874.83,876.23,1400.0,Oh yeah yeah yeah mm .
IS1000c,D,IS1000c.D.dialog-act.vkaraisk.133,elicit-comment-understanding,ami_da_13,1479.38,1480.62,1240.0,alright .
IS1000c,D,IS1000c.D.dialog-act.vkaraisk.173,comment-about-understanding,ami_da_12,1714.33,1714.66,330.0,Okay .
IS1000c,D,IS1000c.D.dialog-act.vkaraisk.200,comment-about-understanding,ami_da_12,2059.53,2059.82,290.0,Two ?
IS1000d,A,IS1000d.A.dialog-act.vkaraisk.15,comment-about-understanding,ami_da_12,148.73,148.93,200.0,Okay .
IS1000d,A,IS1000d.A.dialog-act.vkaraisk.20,comment-about-understanding,ami_da_12,253.97,254.24,270.0,Mm 'kay .
IS1000d,A,IS1000d.A.dialog-act.vkaraisk.27,comment-about-understanding,ami_da_12,303.47,303.79,320.0,Oh yeah .
IS1000d,A,IS1000d.A.dialog-act.vkaraisk.46,comment-about-understanding,ami_da_12,462.99,463.24,250.0,Right .
IS1000d,A,IS1000d.A.dialog-act.vkaraisk.57,comment-about-understanding,ami_da_12,692.98,693.41,430.0,Ah okay .
IS1000d,A,IS1000d.A.dialog-act.vkaraisk.110,comment-about-understanding,ami_da_12,958.99,960.28,1290.0,Mm-hmm . Okay .
IS1000d,A,IS1000d.A.dialog-act.vkaraisk.120,comment-about-understanding,ami_da_12,985.03,985.3,270.0,yeah .
IS1000d,A,IS1000d.A.dialog-act.vkaraisk.128,comment-about-understanding,ami_da_12,995.56,1001.08,5520.0,So on a scale of one to seven ?
IS1000d,A,IS1000d.A.dialog-act.vkaraisk.138,comment-about-understanding,ami_da_12,1063.11,1063.69,580.0,Four ?
IS1000d,A,IS1000d.A.dialog-act.vkaraisk.139,comment-about-understanding,ami_da_12,1063.69,1063.9,210.0,Okay .
IS1000d,A,IS1000d.A.dialog-act.vkaraisk.174,comment-about-understanding,ami_da_12,1178.04,1178.33,290.0,Okay .
IS1000d,A,IS1000d.A.dialog-act.vkaraisk.180,comment-about-understanding,ami_da_12,1202.18,1202.45,270.0,Okay .
IS1000d,A,IS1000d.A.dialog-act.vkaraisk.183,comment-about-understanding,ami_da_12,1217.59,1218.07,480.0,Okay .
IS1000d,A,IS1000d.A.dialog-act.vkaraisk.187,comment-about-understanding,ami_da_12,1256.06,1256.4,340.0,Okay .
IS1000d,A,IS1000d.A.dialog-act.vkaraisk.191,comment-about-understanding,ami_da_12,1259.82,1260.09,270.0,Two ?
IS1000d,A,IS1000d.A.dialog-act.vkaraisk.204,comment-about-understanding,ami_da_12,1291.33,1291.58,250.0,Okay .
IS1000d,A,IS1000d.A.dialog-act.vkaraisk.206,comment-about-understanding,ami_da_12,1294.86,1295.62,760.0,Okay .
IS1000d,A,IS1000d.A.dialog-act.vkaraisk.210,comment-about-understanding,ami_da_12,1343.72,1344.11,390.0,Okay .
IS1000d,A,IS1000d.A.dialog-act.vkaraisk.217,comment-about-understanding,ami_da_12,1364.12,1365.41,1290.0,Okay .
IS1000d,A,IS1000d.A.dialog-act.vkaraisk.223,comment-about-understanding,ami_da_12,1391.75,1391.92,170.0,Two ?
IS1000d,A,IS1000d.A.dialog-act.vkaraisk.238,comment-about-understanding,ami_da_12,1463.08,1463.31,230.0,Okay .
IS1000d,A,IS1000d.A.dialog-act.vkaraisk.240,comment-about-understanding,ami_da_12,1468.17,1468.82,650.0,Three ? Okay .
IS1000d,A,IS1000d.A.dialog-act.vkaraisk.242,comment-about-understanding,ami_da_12,1487.4,1487.63,230.0,Okay .
IS1000d,A,IS1000d.A.dialog-act.vkaraisk.306,comment-about-understanding,ami_da_12,1707.26,1708.66,1400.0,Mm . Okay .
IS1000d,A,IS1000d.A.dialog-act.vkaraisk.417,comment-about-understanding,ami_da_12,2495.17,2495.45,280.0,Okay .
IS1000d,A,IS1000d.A.dialog-act.vkaraisk.422,comment-about-understanding,ami_da_12,2512.74,2512.89,150.0,Yep .
IS1000d,B,IS1000d.B.dialog-act.vkaraisk.11,comment-about-understanding,ami_da_12,124.6,126.37,1770.0,Mm . Um yes
IS1000d,B,IS1000d.B.dialog-act.vkaraisk.41,comment-about-understanding,ami_da_12,342.43,343.22,790.0,"Ah , okay ."
IS1000d,B,IS1000d.B.dialog-act.vkaraisk.59,comment-about-understanding,ami_da_12,463.22,464.07,850.0,Mm .
IS1000d,B,IS1000d.B.dialog-act.vkaraisk.63,comment-about-understanding,ami_da_12,514.15,514.35,200.0,Yes .
IS1000d,B,IS1000d.B.dialog-act.vkaraisk.82,comment-about-understanding,ami_da_12,637.456,638.61,1154.0,Okay .
IS1000d,B,IS1000d.B.dialog-act.vkaraisk.116,comment-about-understanding,ami_da_12,943.48,944.1,620.0,"No okay ,"
IS1000d,B,IS1000d.B.dialog-act.vkaraisk.125,comment-about-understanding,ami_da_12,995.06,995.54,480.0,Okay .
IS1000d,B,IS1000d.B.dialog-act.vkaraisk.150,comment-about-understanding,ami_da_12,1112.01,1112.53,520.0,Oh it will not
IS1000d,B,IS1000d.B.dialog-act.vkaraisk.166,comment-about-understanding,ami_da_12,1184.52,1188.12,3600.0,"Mm , yes I see , mm okay ."
IS1000d,B,IS1000d.B.dialog-act.vkaraisk.174,comment-about-understanding,ami_da_12,1236.69,1238.11,1420.0,Mm . Mm . Yes .
IS1000d,B,IS1000d.B.dialog-act.vkaraisk.254,comment-about-understanding,ami_da_12,1696.77,1697.1,330.0,Mm .
IS1000d,B,IS1000d.B.dialog-act.vkaraisk.287,comment-about-understanding,ami_da_12,1849.18,1851.54,2360.0,"Mm , I see , yes okay . Good ."
IS1000d,B,IS1000d.B.dialog-act.vkaraisk.312,comment-about-understanding,ami_da_12,1962.95,1965.72,2770.0,Yes . Just so one battery . 'Kay .
IS1000d,B,IS1000d.B.dialog-act.vkaraisk.317,comment-about-understanding,ami_da_12,1978.61,1980.6,1990.0,"Yes , this one . Okay ."
IS1000d,B,IS1000d.B.dialog-act.vkaraisk.330,comment-about-understanding,ami_da_12,2009.67,2009.97,300.0,'Kay .
IS1000d,B,IS1000d.B.dialog-act.vkaraisk.350,comment-about-understanding,ami_da_12,2094.47,2096.77,2300.0,"Yes I kno undes I understand what you mean , yes ."
IS1000d,C,IS1000d.C.dialog-act.vkaraisk.51,comment-about-understanding,ami_da_12,341.78,343.53,1750.0,Okay yeah . Yeah yeah .
IS1000d,C,IS1000d.C.dialog-act.vkaraisk.118,comment-about-understanding,ami_da_12,1149.88,1150.09,210.0,Yep .
IS1000d,C,IS1000d.C.dialog-act.vkaraisk.182,comment-about-understanding,ami_da_12,1500.82,1501.07,250.0,No .
IS1000d,C,IS1000d.C.dialog-act.vkaraisk.207,comment-about-understanding,ami_da_12,1692.47,1693.15,680.0,Uh okay .
IS1000d,C,IS1000d.C.dialog-act.vkaraisk.293,comment-about-understanding,ami_da_12,2290.15,2290.45,300.0,no ?
IS1000d,C,IS1000d.C.dialog-act.vkaraisk.312,comment-about-understanding,ami_da_12,2415.56,2415.86,300.0,Okay .
IS1000d,C,IS1000d.C.dialog-act.vkaraisk.313,comment-about-understanding,ami_da_12,2417.44,2417.66,220.0,Okay .
IS1000d,D,IS1000d.D.dialog-act.vkaraisk.45,elicit-comment-understanding,ami_da_13,428.2,428.94,740.0,yeah .
IS1000d,D,IS1000d.D.dialog-act.vkaraisk.138,elicit-comment-understanding,ami_da_13,1062.22,1062.49,270.0,you know .
IS1000d,D,IS1000d.D.dialog-act.vkaraisk.240,comment-about-understanding,ami_da_12,1584.1,1584.41,310.0,Okay .
IS1000d,D,IS1000d.D.dialog-act.vkaraisk.241,comment-about-understanding,ami_da_12,1585.88,1586.22,340.0,Okay .
IS1000d,D,IS1000d.D.dialog-act.vkaraisk.245,comment-about-understanding,ami_da_12,1592.54,1593.856,1316.0,And the demographics of
IS1000d,D,IS1000d.D.dialog-act.vkaraisk.259,comment-about-understanding,ami_da_12,1697.55,1698.44,890.0,Yeah I know .
IS1000d,D,IS1000d.D.dialog-act.vkaraisk.288,comment-about-understanding,ami_da_12,1999.89,2000.2,310.0,Mm-hmm .
IS1001a,A,IS1001a.A.dialog-act.s9553330.15,comment-about-understanding,ami_da_12,137.04,138.76,1720.0,sorry ?
IS1001a,A,IS1001a.A.dialog-act.s9553330.18,comment-about-understanding,ami_da_12,148.29,149.79,1500.0,Okay .
IS1001a,A,IS1001a.A.dialog-act.s9553330.37,comment-about-understanding,ami_da_12,272.05,273.73,1680.0,Okay it's an abstract drawing .
IS1001a,A,IS1001a.A.dialog-act.s9553330.48,comment-about-understanding,ami_da_12,360.31,361.08,770.0,Ah okay
IS1001a,A,IS1001a.A.dialog-act.s9553330.59,comment-about-understanding,ami_da_12,408.37,410.487,2117.0,Like a what ?
IS1001a,A,IS1001a.A.dialog-act.s9553330.86,comment-about-understanding,ami_da_12,582.15,584.7,2550.0,With rou okay .
IS1001a,B,IS1001a.B.dialog-act.s9553330.28,comment-about-understanding,ami_da_12,251.85,251.97,120.0,no ?
IS1001a,B,IS1001a.B.dialog-act.s9553330.44,comment-about-understanding,ami_da_12,352.77,353.33,560.0,It's a cat ?
IS1001a,B,IS1001a.B.dialog-act.s9553330.46,comment-about-understanding,ami_da_12,359.3,361.379,2079.0,Ah yeah
IS1001a,B,IS1001a.B.dialog-act.s9553330.56,comment-about-understanding,ami_da_12,414.52,415.07,550.0,Scary ?
IS1001a,B,IS1001a.B.dialog-act.s9553330.62,comment-about-understanding,ami_da_12,476.24,476.45,210.0,Ah
IS1001a,B,IS1001a.B.dialog-act.s9553330.64,comment-about-understanding,ami_da_12,480.4,481.44,1040.0,"Ah , okay ."
IS1001a,B,IS1001a.B.dialog-act.s9553330.106,comment-about-understanding,ami_da_12,852.07,853.55,1480.0,Half an hour .
IS1001a,C,IS1001a.C.dialog-act.s9553330.12,comment-about-understanding,ami_da_12,359.26,361.22,1960.0,Ah yeah . Yeah .
IS1001b,A,IS1001b.A.dialog-act.dharshi.32,comment-about-understanding,ami_da_12,186.79,187.15,360.0,Over .
IS1001b,A,IS1001b.A.dialog-act.dharshi.41,comment-about-understanding,ami_da_12,308.69,312.53,3840.0,"Okay so special navigation , linear access , random access"
IS1001b,A,IS1001b.A.dialog-act.dharshi.44,comment-about-understanding,ami_da_12,322.31,323.38,1070.0,Okay .
IS1001b,A,IS1001b.A.dialog-act.dharshi.47,comment-about-understanding,ami_da_12,328.46,329.8,1340.0,Ah yeah parameter okay .
IS1001b,A,IS1001b.A.dialog-act.dharshi.102,comment-about-understanding,ami_da_12,680.1,681.67,1570.0,Oh yeah ?
IS1001b,B,IS1001b.B.dialog-act.dharshi.54,elicit-comment-understanding,ami_da_13,300.87,301.13,260.0,Yeah ?
IS1001b,B,IS1001b.B.dialog-act.dharshi.57,comment-about-understanding,ami_da_12,314.73,314.95,220.0,Mm ?
IS1001b,B,IS1001b.B.dialog-act.dharshi.244,comment-about-understanding,ami_da_12,2057.26,2058.8,1540.0,At participant one . Okay .
IS1001b,C,IS1001b.C.dialog-act.dharshi.22,comment-about-understanding,ami_da_12,304.77,305.03,260.0,Ah .
IS1001b,D,IS1001b.D.dialog-act.dharshi.26,elicit-comment-understanding,ami_da_13,502.52,502.72,200.0,okay ?
IS1001b,D,IS1001b.D.dialog-act.dharshi.48,comment-about-understanding,ami_da_12,601.7,602.09,390.0,Sorry ?
IS1001c,A,IS1001c.A.dialog-act.dharshi.60,comment-about-understanding,ami_da_12,568.14,569.74,1600.0,So it's only the central part .
IS1001c,C,IS1001c.C.dialog-act.dharshi.131,elicit-comment-understanding,ami_da_13,1019.92,1020.2,280.0,"yeah ,"
IS1001d,A,IS1001d.A.dialog-act.vkaraisk.5,comment-about-understanding,ami_da_12,26.33,28.8,2470.0,It is a banana .
IS1001d,A,IS1001d.A.dialog-act.vkaraisk.43,comment-about-understanding,ami_da_12,187.81,189.79,1980.0,"Participant four , yes ."
IS1001d,A,IS1001d.A.dialog-act.vkaraisk.44,comment-about-understanding,ami_da_12,192.38,192.77,390.0,Okay .
IS1001d,A,IS1001d.A.dialog-act.vkaraisk.52,comment-about-understanding,ami_da_12,258.63,259.02,390.0,Okay .
IS1001d,A,IS1001d.A.dialog-act.vkaraisk.53,comment-about-understanding,ami_da_12,262.55,262.95,400.0,Okay .
IS1001d,A,IS1001d.A.dialog-act.vkaraisk.80,comment-about-understanding,ami_da_12,366.3,367.13,830.0,five .
IS1001d,A,IS1001d.A.dialog-act.vkaraisk.85,elicit-comment-understanding,ami_da_13,386.45,386.76,310.0,Okay .
IS1001d,A,IS1001d.A.dialog-act.vkaraisk.88,comment-about-understanding,ami_da_12,404.32,406.69,2370.0,"Okay , techne technological aspect ."
IS1001d,A,IS1001d.A.dialog-act.vkaraisk.93,comment-about-understanding,ami_da_12,429.59,429.84,250.0,Four ?
IS1001d,A,IS1001d.A.dialog-act.vkaraisk.94,comment-about-understanding,ami_da_12,436.07,436.48,410.0,Okay .
IS1001d,A,IS1001d.A.dialog-act.vkaraisk.98,comment-about-understanding,ami_da_12,447.32,448.26,940.0,Four ?
IS1001d,A,IS1001d.A.dialog-act.vkaraisk.174,comment-about-understanding,ami_da_12,715.6,715.94,340.0,Sorry ?
IS1001d,B,IS1001d.B.dialog-act.vkaraisk.9,comment-about-understanding,ami_da_12,262.54,262.87,330.0,Mm-hmm .
IS1001d,C,IS1001d.C.dialog-act.vkaraisk.25,comment-about-understanding,ami_da_12,441.29,442.5,1210.0,No . Okay .
IS1001d,C,IS1001d.C.dialog-act.vkaraisk.30,comment-about-understanding,ami_da_12,478.33,478.73,400.0,'Kay .
IS1001d,C,IS1001d.C.dialog-act.vkaraisk.79,comment-about-understanding,ami_da_12,723.48,723.81,330.0,Ah .
IS1001d,D,IS1001d.D.dialog-act.vkaraisk.32,elicit-comment-understanding,ami_da_13,258.06,258.99,930.0,Okay ?
IS1001d,D,IS1001d.D.dialog-act.vkaraisk.35,elicit-comment-understanding,ami_da_13,263.45,265.05,1600.0,okay ?
IS1001d,D,IS1001d.D.dialog-act.vkaraisk.43,comment-about-understanding,ami_da_12,293.576,294.15,574.0,Mm-hmm .
IS1001d,D,IS1001d.D.dialog-act.vkaraisk.45,comment-about-understanding,ami_da_12,298.075,301.83,3755.0,eh ?
IS1001d,D,IS1001d.D.dialog-act.vkaraisk.60,comment-about-understanding,ami_da_12,374.58,375.2,620.0,how much what ?
IS1001d,D,IS1001d.D.dialog-act.vkaraisk.61,comment-about-understanding,ami_da_12,377.86,378.07,210.0,Oh
IS1001d,D,IS1001d.D.dialog-act.vkaraisk.62,comment-about-understanding,ami_da_12,378.07,378.34,270.0,yes
IS1001d,D,IS1001d.D.dialog-act.vkaraisk.65,comment-about-understanding,ami_da_12,385.29,386.39,1100.0,Yeah .
IS1002b,A,IS1002b.A.dialog-act.s9553330.112,elicit-comment-understanding,ami_da_13,991.4,992.54,1140.0,"Does that make sense , huh ?"
IS1002b,A,IS1002b.A.dialog-act.s9553330.171,comment-about-understanding,ami_da_12,1735.03,1735.63,600.0,Oh okay okay .
IS1002b,B,IS1002b.B.dialog-act.s9553330.198,comment-about-understanding,ami_da_12,2205.35,2206.29,940.0,As a watch ?
IS1002b,D,IS1002b.D.dialog-act.s9553330.36,comment-about-understanding,ami_da_12,555.81,556.54,730.0,Mm the shell ?
IS1002b,D,IS1002b.D.dialog-act.s9553330.41,comment-about-understanding,ami_da_12,740.55,743.29,2740.0,I I don't understand how those two things are connected .
IS1002b,D,IS1002b.D.dialog-act.s9553330.43,comment-about-understanding,ami_da_12,749.68,750.49,810.0,I don't understand that .
IS1002b,D,IS1002b.D.dialog-act.s9553330.75,comment-about-understanding,ami_da_12,992.08,994.2,2120.0,"No I no I I understand what you say ,"
IS1002b,D,IS1002b.D.dialog-act.s9553330.87,comment-about-understanding,ami_da_12,1128.85,1129.58,730.0,"Okay , alright ."
IS1002b,D,IS1002b.D.dialog-act.s9553330.116,comment-about-understanding,ami_da_12,1266.92,1267.28,360.0,Okay .
IS1002b,D,IS1002b.D.dialog-act.s9553330.119,comment-about-understanding,ami_da_12,1275.46,1276.5,1040.0,Ah-ha .
IS1002b,D,IS1002b.D.dialog-act.s9553330.203,comment-about-understanding,ami_da_12,1710.05,1710.73,680.0,No I understand that .
IS1002c,A,IS1002c.A.dialog-act.s9553330.81,comment-about-understanding,ami_da_12,692.36,693.32,960.0,Oh okay okay . I see .
IS1002c,A,IS1002c.A.dialog-act.s9553330.84,comment-about-understanding,ami_da_12,701.75,702.0,250.0,Okay .
IS1002c,A,IS1002c.A.dialog-act.s9553330.129,comment-about-understanding,ami_da_12,1142.28,1142.67,390.0,Okay .
IS1002c,A,IS1002c.A.dialog-act.s9553330.165,comment-about-understanding,ami_da_12,1510.63,1511.3,670.0,Uh I see I see .
IS1002c,A,IS1002c.A.dialog-act.s9553330.166,comment-about-understanding,ami_da_12,1513.76,1516.51,2750.0,Ah I see I see what you're talking about now . Okay .
IS1002c,A,IS1002c.A.dialog-act.s9553330.180,comment-about-understanding,ami_da_12,1641.996,1642.83,834.0,Oh I see
IS1002c,A,IS1002c.A.dialog-act.s9553330.186,comment-about-understanding,ami_da_12,1665.11,1666.64,1530.0,Oh yeah yeah no I see what you're talking about .
IS1002c,A,IS1002c.A.dialog-act.s9553330.220,comment-about-understanding,ami_da_12,1814.37,1814.59,220.0,Yeah .
IS1002c,A,IS1002c.A.dialog-act.s9553330.249,comment-about-understanding,ami_da_12,1979.94,1980.61,670.0,although does it ?
IS1002c,B,IS1002c.B.dialog-act.s9553330.75,comment-about-understanding,ami_da_12,408.1,410.69,2590.0,"Oh okay oh like a wave , okay ."
IS1002c,B,IS1002c.B.dialog-act.s9553330.76,comment-about-understanding,ami_da_12,410.69,413.1,2410.0,Alright that makes sense okay .
IS1002c,B,IS1002c.B.dialog-act.s9553330.201,comment-about-understanding,ami_da_12,1640.29,1642.641,2351.0,"I think I know what you might be getting at , or or"
IS1002c,B,IS1002c.B.dialog-act.s9553330.204,comment-about-understanding,ami_da_12,1660.32,1660.67,350.0,Why ?
IS1002c,D,IS1002c.D.dialog-act.s9553330.135,comment-about-understanding,ami_da_12,1353.35,1354.65,1300.0,Oh okay
IS1002c,D,IS1002c.D.dialog-act.s9553330.155,comment-about-understanding,ami_da_12,1509.445,1511.12,1675.0,Oh yeah .
IS1002c,D,IS1002c.D.dialog-act.s9553330.173,elicit-comment-understanding,ami_da_13,1639.22,1640.18,960.0,You understand what I'm saying ?
IS1002c,D,IS1002c.D.dialog-act.s9553330.186,comment-about-understanding,ami_da_12,1742.26,1742.92,660.0,Ah-ha okay .
IS1002d,A,IS1002d.A.dialog-act.dharshi.26,comment-about-understanding,ami_da_12,145.69,147.07,1380.0,"Zapping your favourite channels , eh ?"
IS1002d,A,IS1002d.A.dialog-act.dharshi.183,comment-about-understanding,ami_da_12,1097.9,1098.95,1050.0,"Mm-mm , lapel ."
IS1002d,B,IS1002d.B.dialog-act.dharshi.112,comment-about-understanding,ami_da_12,963.43,963.57,140.0,What ?
IS1002d,C,IS1002d.C.dialog-act.dharshi.52,comment-about-understanding,ami_da_12,748.63,749.46,830.0,We we w yeah
IS1002d,D,IS1002d.D.dialog-act.dharshi.77,elicit-comment-understanding,ami_da_13,747.92,749.26,1340.0,but you follow what I'm s I'm s
IS1003a,A,IS1003a.A.dialog-act.vkaraisk.57,comment-about-understanding,ami_da_12,321.97,322.71,740.0,Mm-hmm .
IS1003a,A,IS1003a.A.dialog-act.vkaraisk.59,comment-about-understanding,ami_da_12,325.74,326.2,460.0,Mm okay .
IS1003a,A,IS1003a.A.dialog-act.vkaraisk.80,elicit-comment-understanding,ami_da_13,474.31,474.91,600.0,is it okay ?
IS1003a,A,IS1003a.A.dialog-act.vkaraisk.109,comment-about-understanding,ami_da_12,752.106,754.404,2298.0,Oh yeah .
IS1003a,A,IS1003a.A.dialog-act.vkaraisk.122,comment-about-understanding,ami_da_12,812.75,813.06,310.0,Okay .
IS1003a,B,IS1003a.B.dialog-act.vkaraisk.5,comment-about-understanding,ami_da_12,192.63,194.48,1850.0,Twenty five Euros ?
IS1003a,B,IS1003a.B.dialog-act.vkaraisk.18,comment-about-understanding,ami_da_12,348.87,349.12,250.0,"Okay ,"
IS1003a,B,IS1003a.B.dialog-act.vkaraisk.32,comment-about-understanding,ami_da_12,441.78,442.09,310.0,Okay .
IS1003a,B,IS1003a.B.dialog-act.vkaraisk.40,comment-about-understanding,ami_da_12,450.71,451.48,770.0,"Ah , yeah ."
IS1003a,B,IS1003a.B.dialog-act.vkaraisk.42,comment-about-understanding,ami_da_12,458.5,458.81,310.0,Okay .
IS1003a,B,IS1003a.B.dialog-act.vkaraisk.44,comment-about-understanding,ami_da_12,476.25,476.38,130.0,Yeah .
IS1003a,B,IS1003a.B.dialog-act.vkaraisk.53,comment-about-understanding,ami_da_12,527.75,528.03,280.0,Okay .
IS1003a,B,IS1003a.B.dialog-act.vkaraisk.95,comment-about-understanding,ami_da_12,757.728,760.76,3032.0,Okay .
IS1003a,B,IS1003a.B.dialog-act.vkaraisk.97,comment-about-understanding,ami_da_12,778.58,778.91,330.0,Okay .
IS1003a,C,IS1003a.C.dialog-act.vkaraisk.1,comment-about-understanding,ami_da_12,80.26,80.8,540.0,Ah okay .
IS1003a,C,IS1003a.C.dialog-act.vkaraisk.34,comment-about-understanding,ami_da_12,393.95,394.15,200.0,Okay .
IS1003a,C,IS1003a.C.dialog-act.vkaraisk.39,comment-about-understanding,ami_da_12,418.79,419.62,830.0,Ok Okay .
IS1003a,C,IS1003a.C.dialog-act.vkaraisk.48,comment-about-understanding,ami_da_12,490.22,490.85,630.0,Oh right
IS1003a,C,IS1003a.C.dialog-act.vkaraisk.59,comment-about-understanding,ami_da_12,534.048,535.3,1252.0,yeah .
IS1003a,D,IS1003a.D.dialog-act.vkaraisk.13,comment-about-understanding,ami_da_12,284.51,284.77,260.0,okay .
IS1003a,D,IS1003a.D.dialog-act.vkaraisk.15,comment-about-understanding,ami_da_12,289.27,289.62,350.0,Okay .
IS1003a,D,IS1003a.D.dialog-act.vkaraisk.24,comment-about-understanding,ami_da_12,321.62,321.85,230.0,Okay .
IS1003a,D,IS1003a.D.dialog-act.vkaraisk.34,comment-about-understanding,ami_da_12,397.78,398.39,610.0,"Oh , okay , okay ."
IS1003a,D,IS1003a.D.dialog-act.vkaraisk.44,comment-about-understanding,ami_da_12,475.87,477.31,1440.0,Mm . It's clear .
IS1003a,D,IS1003a.D.dialog-act.vkaraisk.51,comment-about-understanding,ami_da_12,557.49,558.59,1100.0,A rat ?
IS1003a,D,IS1003a.D.dialog-act.vkaraisk.61,comment-about-understanding,ami_da_12,615.2,615.6,400.0,Oh yeah .
IS1003a,D,IS1003a.D.dialog-act.vkaraisk.65,comment-about-understanding,ami_da_12,639.46,641.4,1940.0,What ?
IS1003a,D,IS1003a.D.dialog-act.vkaraisk.66,comment-about-understanding,ami_da_12,641.4,643.51,2110.0,Oh .
IS1003a,D,IS1003a.D.dialog-act.vkaraisk.83,comment-about-understanding,ami_da_12,791.57,791.91,340.0,Okay .
IS1003b,A,IS1003b.A.dialog-act.vkaraisk.22,comment-about-understanding,ami_da_12,341.67,343.03,1360.0,"Oh it should okay , yeah ."
IS1003b,A,IS1003b.A.dialog-act.vkaraisk.27,comment-about-understanding,ami_da_12,376.94,377.14,200.0,Okay .
IS1003b,A,IS1003b.A.dialog-act.vkaraisk.43,comment-about-understanding,ami_da_12,714.69,715.06,370.0,The wire ?
IS1003b,A,IS1003b.A.dialog-act.vkaraisk.63,elicit-comment-understanding,ami_da_13,807.82,808.16,340.0,okay .
IS1003b,A,IS1003b.A.dialog-act.vkaraisk.71,elicit-comment-understanding,ami_da_13,836.5,837.51,1010.0,"okay ,"
IS1003b,A,IS1003b.A.dialog-act.vkaraisk.102,elicit-comment-understanding,ami_da_13,948.15,949.26,1110.0,Okay ?
IS1003b,A,IS1003b.A.dialog-act.vkaraisk.110,elicit-comment-understanding,ami_da_13,973.42,974.65,1230.0,okay .
IS1003b,A,IS1003b.A.dialog-act.vkaraisk.113,elicit-comment-understanding,ami_da_13,986.5,986.64,140.0,Okay .
IS1003b,B,IS1003b.B.dialog-act.vkaraisk.133,comment-about-understanding,ami_da_12,974.04,974.52,480.0,Okay .
IS1003b,B,IS1003b.B.dialog-act.vkaraisk.153,comment-about-understanding,ami_da_12,1422.63,1422.94,310.0,Okay .
IS1003b,B,IS1003b.B.dialog-act.vkaraisk.172,comment-about-understanding,ami_da_12,1607.37,1613.31,5940.0,"Okay Okay , that's clear ."
IS1003b,C,IS1003b.C.dialog-act.vkaraisk.26,comment-about-understanding,ami_da_12,177.08,177.17,90.0,Uh .
IS1003b,C,IS1003b.C.dialog-act.vkaraisk.29,comment-about-understanding,ami_da_12,281.54,283.57,2030.0,So you propose to to have the
IS1003b,C,IS1003b.C.dialog-act.vkaraisk.30,comment-about-understanding,ami_da_12,284.52,287.66,3140.0,remote control which will be powerful .
IS1003b,C,IS1003b.C.dialog-act.vkaraisk.31,comment-about-understanding,ami_da_12,289.02,289.74,720.0,"So powerful ,"
IS1003b,C,IS1003b.C.dialog-act.vkaraisk.32,comment-about-understanding,ami_da_12,290.64,292.01,1370.0,many functions
IS1003b,C,IS1003b.C.dialog-act.vkaraisk.33,comment-about-understanding,ami_da_12,292.01,293.33,1320.0,and very easy to use .
IS1003b,C,IS1003b.C.dialog-act.vkaraisk.37,comment-about-understanding,ami_da_12,331.98,332.07,90.0,Oh
IS1003b,C,IS1003b.C.dialog-act.vkaraisk.45,comment-about-understanding,ami_da_12,376.84,377.22,380.0,Okay .
IS1003b,C,IS1003b.C.dialog-act.vkaraisk.55,comment-about-understanding,ami_da_12,472.11,472.65,540.0,Yeah .
IS1003b,C,IS1003b.C.dialog-act.vkaraisk.63,comment-about-understanding,ami_da_12,537.64,537.81,170.0,Okay .
IS1003b,C,IS1003b.C.dialog-act.vkaraisk.64,comment-about-understanding,ami_da_12,543.6,543.97,370.0,Okay .
IS1003b,C,IS1003b.C.dialog-act.vkaraisk.67,comment-about-understanding,ami_da_12,621.63,635.5,13870.0,So you think that uh a cable between the remote control and the T_V_ won't be a good idea .
IS1003b,C,IS1003b.C.dialog-act.vkaraisk.81,comment-about-understanding,ami_da_12,694.662,695.59,928.0,Okay .
IS1003b,C,IS1003b.C.dialog-act.vkaraisk.89,comment-about-understanding,ami_da_12,729.184,730.21,1026.0,"Okay ,"
IS1003b,C,IS1003b.C.dialog-act.vkaraisk.102,comment-about-understanding,ami_da_12,841.37,842.28,910.0,Okay .
IS1003b,C,IS1003b.C.dialog-act.vkaraisk.107,comment-about-understanding,ami_da_12,947.15,949.238,2088.0,Ah um okay .
IS1003b,C,IS1003b.C.dialog-act.vkaraisk.108,comment-about-understanding,ami_da_12,974.04,974.44,400.0,Mm-hmm .
IS1003b,C,IS1003b.C.dialog-act.vkaraisk.120,comment-about-understanding,ami_da_12,1057.25,1058.47,1220.0,"Yeah , okay ."
IS1003b,C,IS1003b.C.dialog-act.vkaraisk.121,comment-about-understanding,ami_da_12,1063.87,1064.53,660.0,"Okay ,"
IS1003b,C,IS1003b.C.dialog-act.vkaraisk.151,comment-about-understanding,ami_da_12,1221.26,1224.03,2770.0,Okay .
IS1003b,C,IS1003b.C.dialog-act.vkaraisk.178,elicit-comment-understanding,ami_da_13,1318.24,1318.7,460.0,Is it okay ?
IS1003b,C,IS1003b.C.dialog-act.vkaraisk.212,elicit-comment-understanding,ami_da_13,1513.91,1514.4,490.0,It's okay ?
IS1003b,C,IS1003b.C.dialog-act.vkaraisk.223,comment-about-understanding,ami_da_12,1568.72,1569.57,850.0,"yeah ,"
IS1003b,C,IS1003b.C.dialog-act.vkaraisk.226,elicit-comment-understanding,ami_da_13,1589.83,1591.1,1270.0,It's okay ?
IS1003b,D,IS1003b.D.dialog-act.vkaraisk.52,comment-about-understanding,ami_da_12,620.15,620.4,250.0,Okay .
IS1003b,D,IS1003b.D.dialog-act.vkaraisk.111,comment-about-understanding,ami_da_12,1318.5,1318.92,420.0,Okay .
IS1003b,D,IS1003b.D.dialog-act.vkaraisk.138,comment-about-understanding,ami_da_12,1487.03,1487.43,400.0,Okay .
IS1003c,A,IS1003c.A.dialog-act.vkaraisk.10,comment-about-understanding,ami_da_12,77.21,77.4,190.0,What ?
IS1003c,A,IS1003c.A.dialog-act.vkaraisk.21,comment-about-understanding,ami_da_12,192.864,197.16,4296.0,Okay .
IS1003c,A,IS1003c.A.dialog-act.vkaraisk.76,comment-about-understanding,ami_da_12,477.54,478.35,810.0,"Mm , okay ."
IS1003c,A,IS1003c.A.dialog-act.vkaraisk.80,comment-about-understanding,ami_da_12,513.6,514.18,580.0,Oh .
IS1003c,A,IS1003c.A.dialog-act.vkaraisk.85,comment-about-understanding,ami_da_12,536.79,536.95,160.0,"Yeah ,"
IS1003c,A,IS1003c.A.dialog-act.vkaraisk.88,comment-about-understanding,ami_da_12,543.81,544.07,260.0,"Yeah ,"
IS1003c,A,IS1003c.A.dialog-act.vkaraisk.102,comment-about-understanding,ami_da_12,599.74,600.11,370.0,Ah .
IS1003c,A,IS1003c.A.dialog-act.vkaraisk.134,comment-about-understanding,ami_da_12,904.61,904.88,270.0,Okay .
IS1003c,A,IS1003c.A.dialog-act.vkaraisk.165,comment-about-understanding,ami_da_12,1152.14,1152.54,400.0,Okay .
IS1003c,B,IS1003c.B.dialog-act.vkaraisk.35,comment-about-understanding,ami_da_12,481.55,482.56,1010.0,Oh yeah yeah yeah yeah .
IS1003c,B,IS1003c.B.dialog-act.vkaraisk.152,comment-about-understanding,ami_da_12,1134.21,1134.54,330.0,Alrigh
IS1003c,B,IS1003c.B.dialog-act.vkaraisk.158,comment-about-understanding,ami_da_12,1160.93,1162.41,1480.0,"And the materials ,"
IS1003c,B,IS1003c.B.dialog-act.vkaraisk.191,comment-about-understanding,ami_da_12,1388.04,1388.5,460.0,Ah yes .
IS1003c,B,IS1003c.B.dialog-act.vkaraisk.195,comment-about-understanding,ami_da_12,1435.28,1435.41,130.0,yeah .
IS1003c,B,IS1003c.B.dialog-act.vkaraisk.196,comment-about-understanding,ami_da_12,1442.224,1444.36,2136.0,Spongy 'Kay .
IS1003c,B,IS1003c.B.dialog-act.vkaraisk.197,comment-about-understanding,ami_da_12,1448.82,1449.75,930.0,"Okay , yeah , yeah ."
IS1003c,B,IS1003c.B.dialog-act.vkaraisk.204,comment-about-understanding,ami_da_12,1461.17,1463.45,2280.0,"Okay , rubber rubber desi okay , yeah . Yeah ."
IS1003c,B,IS1003c.B.dialog-act.vkaraisk.267,comment-about-understanding,ami_da_12,1785.41,1785.89,480.0,fruits .
IS1003c,B,IS1003c.B.dialog-act.vkaraisk.270,comment-about-understanding,ami_da_12,1803.43,1804.16,730.0,"Need it to be , okay ."
IS1003c,B,IS1003c.B.dialog-act.vkaraisk.273,comment-about-understanding,ami_da_12,1829.6,1829.89,290.0,Okay .
IS1003c,C,IS1003c.C.dialog-act.vkaraisk.72,comment-about-understanding,ami_da_12,380.39,380.94,550.0,How much ?
IS1003c,C,IS1003c.C.dialog-act.vkaraisk.114,comment-about-understanding,ami_da_12,539.58,540.49,910.0,Where is the controller ?
IS1003c,C,IS1003c.C.dialog-act.vkaraisk.151,comment-about-understanding,ami_da_12,748.32,748.68,360.0,Okay .
IS1003c,C,IS1003c.C.dialog-act.vkaraisk.220,comment-about-understanding,ami_da_12,1830.25,1830.66,410.0,Okay .
IS1003c,D,IS1003c.D.dialog-act.vkaraisk.17,comment-about-understanding,ami_da_12,318.85,320.37,1520.0,Okay . Okay .
IS1003c,D,IS1003c.D.dialog-act.vkaraisk.26,comment-about-understanding,ami_da_12,357.17,357.97,800.0,"Oh , okay , okay ,"
IS1003c,D,IS1003c.D.dialog-act.vkaraisk.40,comment-about-understanding,ami_da_12,477.14,477.47,330.0,Yeah .
IS1003c,D,IS1003c.D.dialog-act.vkaraisk.56,comment-about-understanding,ami_da_12,615.72,615.99,270.0,"Okay ,"
IS1003c,D,IS1003c.D.dialog-act.vkaraisk.59,comment-about-understanding,ami_da_12,621.09,621.92,830.0,"Yeah ,"
IS1003c,D,IS1003c.D.dialog-act.vkaraisk.64,comment-about-understanding,ami_da_12,658.4,658.58,180.0,What ?
IS1003c,D,IS1003c.D.dialog-act.vkaraisk.124,comment-about-understanding,ami_da_12,1286.96,1287.76,800.0,Okay .
IS1003c,D,IS1003c.D.dialog-act.vkaraisk.139,elicit-comment-understanding,ami_da_13,1340.79,1341.09,300.0,okay .
IS1003c,D,IS1003c.D.dialog-act.vkaraisk.152,elicit-comment-understanding,ami_da_13,1387.55,1388.2,650.0,"okay ,"
IS1003d,A,IS1003d.A.dialog-act.dharshi.101,comment-about-understanding,ami_da_12,683.99,685.81,1820.0,"Oh , ok I understand ."
IS1003d,A,IS1003d.A.dialog-act.dharshi.221,comment-about-understanding,ami_da_12,1361.43,1362.04,610.0,Red and yellow .
IS1003d,B,IS1003d.B.dialog-act.dharshi.119,comment-about-understanding,ami_da_12,670.49,672.752,2262.0,As a principle .
IS1003d,B,IS1003d.B.dialog-act.dharshi.248,comment-about-understanding,ami_da_12,1459.68,1464.31,4630.0,One .
IS1003d,C,IS1003d.C.dialog-act.dharshi.5,comment-about-understanding,ami_da_12,60.17,62.0,1830.0,Where ?
IS1003d,C,IS1003d.C.dialog-act.dharshi.181,comment-about-understanding,ami_da_12,980.3,980.59,290.0,Mm-hmm .
IS1003d,C,IS1003d.C.dialog-act.dharshi.227,comment-about-understanding,ami_da_12,1921.64,1921.92,280.0,Pa
IS1003d,C,IS1003d.C.dialog-act.dharshi.289,comment-about-understanding,ami_da_12,1923.25,1923.95,700.0,Pine apple .
IS1003d,D,IS1003d.D.dialog-act.dharshi.12,comment-about-understanding,ami_da_12,135.28,136.0,720.0,What slides ?
IS1003d,D,IS1003d.D.dialog-act.dharshi.137,comment-about-understanding,ami_da_12,1040.46,1040.61,150.0,Ok
IS1004b,A,IS1004b.A.dialog-act.dharshi.29,comment-about-understanding,ami_da_12,182.88,184.98,2100.0,Mango ? Mango ?
IS1004b,A,IS1004b.A.dialog-act.dharshi.30,comment-about-understanding,ami_da_12,184.98,185.56,580.0,Mando .
IS1004b,A,IS1004b.A.dialog-act.dharshi.33,comment-about-understanding,ami_da_12,190.23,191.55,1320.0,M_ D_O_ .
IS1004b,A,IS1004b.A.dialog-act.dharshi.57,comment-about-understanding,ami_da_12,286.06,286.99,930.0,Participant four .
IS1004b,A,IS1004b.A.dialog-act.dharshi.80,comment-about-understanding,ami_da_12,656.67,657.12,450.0,"No ,"
IS1004b,A,IS1004b.A.dialog-act.dharshi.94,comment-about-understanding,ami_da_12,784.52,784.79,270.0,Sorry ?
IS1004b,A,IS1004b.A.dialog-act.dharshi.136,comment-about-understanding,ami_da_12,1470.61,1471.61,1000.0,No ?
IS1004b,A,IS1004b.A.dialog-act.dharshi.137,comment-about-understanding,ami_da_12,1471.61,1472.29,680.0,Components ?
IS1004b,B,IS1004b.B.dialog-act.dharshi.9,comment-about-understanding,ami_da_12,181.63,182.87,1240.0,Mando .
IS1004b,B,IS1004b.B.dialog-act.dharshi.12,comment-about-understanding,ami_da_12,202.66,203.27,610.0,Control .
IS1004b,D,IS1004b.D.dialog-act.dharshi.47,comment-about-understanding,ami_da_12,475.8,476.82,1020.0,likely . Okay .
IS1004b,D,IS1004b.D.dialog-act.dharshi.62,comment-about-understanding,ami_da_12,545.01,545.33,320.0,Sorry ?
IS1004b,D,IS1004b.D.dialog-act.dharshi.65,comment-about-understanding,ami_da_12,564.08,564.39,310.0,Sorry ?
IS1004c,A,IS1004c.A.dialog-act.dharshi.36,comment-about-understanding,ami_da_12,329.78,332.176,2396.0,It's not ?
IS1004c,A,IS1004c.A.dialog-act.dharshi.137,comment-about-understanding,ami_da_12,1391.48,1391.95,470.0,Green .
IS1004c,A,IS1004c.A.dialog-act.dharshi.141,comment-about-understanding,ami_da_12,1407.3,1407.79,490.0,Uh pepper .
IS1004c,A,IS1004c.A.dialog-act.dharshi.182,comment-about-understanding,ami_da_12,1857.68,1858.66,980.0,That's all ?
IS1004c,A,IS1004c.A.dialog-act.dharshi.192,comment-about-understanding,ami_da_12,1903.37,1904.95,1580.0,"Basis station , yeah ."
IS1004c,A,IS1004c.A.dialog-act.dharshi.207,comment-about-understanding,ami_da_12,1976.1,1977.76,1660.0,A base station .
IS1004c,A,IS1004c.A.dialog-act.dharshi.215,comment-about-understanding,ami_da_12,2007.35,2008.23,880.0,"Basis station ,"
IS1004c,B,IS1004c.B.dialog-act.dharshi.11,comment-about-understanding,ami_da_12,300.76,303.2,2440.0,"Oh , they're okay so they're not like dressed as a carrot"
IS1004c,B,IS1004c.B.dialog-act.dharshi.14,comment-about-understanding,ami_da_12,303.2,307.98,4780.0,"they just have like pictures of fruit on , okay ."
IS1004c,B,IS1004c.B.dialog-act.dharshi.194,comment-about-understanding,ami_da_12,1391.12,1391.5,380.0,Green .
IS1004c,B,IS1004c.B.dialog-act.dharshi.294,comment-about-understanding,ami_da_12,2133.08,2133.92,840.0,Four point four million .
IS1004c,D,IS1004c.D.dialog-act.dharshi.70,comment-about-understanding,ami_da_12,463.28,463.56,280.0,What ?
IS1004c,D,IS1004c.D.dialog-act.dharshi.71,comment-about-understanding,ami_da_12,464.88,465.14,260.0,What ?
IS1004c,D,IS1004c.D.dialog-act.dharshi.72,comment-about-understanding,ami_da_12,467.6,468.6,1000.0,Yeah ?
IS1004c,D,IS1004c.D.dialog-act.dharshi.117,comment-about-understanding,ami_da_12,1100.29,1101.62,1330.0,we can ? We can't .
IS1004c,D,IS1004c.D.dialog-act.dharshi.119,comment-about-understanding,ami_da_12,1108.6,1108.96,360.0,No ?
IS1004c,D,IS1004c.D.dialog-act.dharshi.141,comment-about-understanding,ami_da_12,1408.13,1408.57,440.0,Pepper .
IS1004d,A,IS1004d.A.dialog-act.dharshi.33,comment-about-understanding,ami_da_12,241.48,241.89,410.0,Which one ?
IS1004d,A,IS1004d.A.dialog-act.dharshi.104,comment-about-understanding,ami_da_12,752.72,753.26,540.0,Five ?
IS1004d,A,IS1004d.A.dialog-act.dharshi.122,comment-about-understanding,ami_da_12,854.02,855.14,1120.0,Five ?
IS1004d,A,IS1004d.A.dialog-act.dharshi.123,comment-about-understanding,ami_da_12,855.14,855.45,310.0,Four .
IS1004d,A,IS1004d.A.dialog-act.dharshi.311,comment-about-understanding,ami_da_12,1668.86,1669.25,390.0,Sorry ?
IS1004d,B,IS1004d.B.dialog-act.dharshi.66,comment-about-understanding,ami_da_12,430.22,430.76,540.0,The what sorry ?
IS1004d,B,IS1004d.B.dialog-act.dharshi.68,comment-about-understanding,ami_da_12,439.21,439.4,190.0,Ah .
IS1004d,B,IS1004d.B.dialog-act.dharshi.69,comment-about-understanding,ami_da_12,440.92,441.13,210.0,Ah .
IS1004d,D,IS1004d.D.dialog-act.dharshi.6,comment-about-understanding,ami_da_12,283.86,284.85,990.0,I don't understand it .
IS1004d,D,IS1004d.D.dialog-act.dharshi.9,comment-about-understanding,ami_da_12,296.23,298.26,2030.0,Ah okay okay . Okay . Okay okay .
IS1004d,D,IS1004d.D.dialog-act.dharshi.11,comment-about-understanding,ami_da_12,303.17,304.59,1420.0,I see . I see . Okay . Okay .
IS1004d,D,IS1004d.D.dialog-act.dharshi.19,comment-about-understanding,ami_da_12,383.4,385.3,1900.0,"Yeah yeah yeah , I see . I under I understand ."
IS1004d,D,IS1004d.D.dialog-act.dharshi.36,comment-about-understanding,ami_da_12,585.14,588.62,3480.0,It's all automatic .
IS1004d,D,IS1004d.D.dialog-act.dharshi.62,comment-about-understanding,ami_da_12,682.93,683.19,260.0,Sorry ?
IS1004d,D,IS1004d.D.dialog-act.dharshi.92,comment-about-understanding,ami_da_12,901.79,904.27,2480.0,You said seven ?
IS1004d,D,IS1004d.D.dialog-act.dharshi.120,comment-about-understanding,ami_da_12,1185.27,1185.74,470.0,Five ?
IS1005a,B,IS1005a.B.dialog-act.dharshi.7,comment-about-understanding,ami_da_12,110.26,111.47,1210.0,"Bob ,"
IS1005b,A,IS1005b.A.dialog-act.dharshi.27,comment-about-understanding,ami_da_12,467.27,468.97,1700.0,Ah .
IS1005b,A,IS1005b.A.dialog-act.dharshi.181,comment-about-understanding,ami_da_12,1931.83,1932.17,340.0,For what ?
IS1005b,B,IS1005b.B.dialog-act.dharshi.42,comment-about-understanding,ami_da_12,945.73,946.49,760.0,"Slide show . Okay ,"
IS1005b,B,IS1005b.B.dialog-act.dharshi.151,comment-about-understanding,ami_da_12,1703.77,1704.29,520.0,Oh .
IS1005b,B,IS1005b.B.dialog-act.dharshi.202,comment-about-understanding,ami_da_12,1979.89,1982.69,2800.0,Oh . Well what w what was the question ?
IS1005b,C,IS1005b.C.dialog-act.dharshi.14,comment-about-understanding,ami_da_12,542.88,543.73,850.0,Oh .
IS1005c,A,IS1005c.A.dialog-act.dharshi.17,comment-about-understanding,ami_da_12,124.38,125.21,830.0,Turn .
IS1005c,A,IS1005c.A.dialog-act.dharshi.35,comment-about-understanding,ami_da_12,318.79,319.02,230.0,Three .
IS1005c,A,IS1005c.A.dialog-act.dharshi.154,comment-about-understanding,ami_da_12,1558.92,1560.3,1380.0,Mm what ?
IS1005c,B,IS1005c.B.dialog-act.dharshi.151,comment-about-understanding,ami_da_12,1428.9,1429.79,890.0,You mean banana .
IS1006a,B,IS1006a.B.dialog-act.dharshi.16,comment-about-understanding,ami_da_12,249.96,251.83,1870.0,Christa Christa .
IS1006a,C,IS1006a.C.dialog-act.dharshi.20,comment-about-understanding,ami_da_12,249.52,251.404,1884.0,Chris .
IS1006a,D,IS1006a.D.dialog-act.dharshi.11,comment-about-understanding,ami_da_12,163.3,163.76,460.0,A what ?
IS1006a,D,IS1006a.D.dialog-act.dharshi.12,comment-about-understanding,ami_da_12,164.64,167.93,3290.0,"A r a rabbit , oh oh yeah ,"
IS1006a,D,IS1006a.D.dialog-act.dharshi.29,comment-about-understanding,ami_da_12,248.68,250.0,1320.0,Christa ?
IS1006b,A,IS1006b.A.dialog-act.vkaraisk.25,comment-about-understanding,ami_da_12,152.63,153.15,520.0,F_ five .
IS1006b,A,IS1006b.A.dialog-act.vkaraisk.33,comment-about-understanding,ami_da_12,375.69,376.86,1170.0,Mm-hmm . Okay .
IS1006b,A,IS1006b.A.dialog-act.vkaraisk.48,comment-about-understanding,ami_da_12,660.32,662.83,2510.0,Mm-hmm mm mm . Okay .
IS1006b,A,IS1006b.A.dialog-act.vkaraisk.110,comment-about-understanding,ami_da_12,1514.32,1514.65,330.0,Okay .
IS1006b,A,IS1006b.A.dialog-act.vkaraisk.117,comment-about-understanding,ami_da_12,1607.84,1608.77,930.0,"Uh train it , okay ."
IS1006b,A,IS1006b.A.dialog-act.vkaraisk.123,comment-about-understanding,ami_da_12,1642.67,1643.12,450.0,okay .
IS1006b,A,IS1006b.A.dialog-act.vkaraisk.132,comment-about-understanding,ami_da_12,1710.998,1715.01,4012.0,Okay .
IS1006b,A,IS1006b.A.dialog-act.vkaraisk.149,comment-about-understanding,ami_da_12,1890.73,1890.95,220.0,No .
IS1006b,A,IS1006b.A.dialog-act.vkaraisk.177,comment-about-understanding,ami_da_12,2041.96,2043.37,1410.0,Uh yeah
IS1006b,A,IS1006b.A.dialog-act.vkaraisk.181,comment-about-understanding,ami_da_12,2054.84,2055.05,210.0,yeah ?
IS1006b,B,IS1006b.B.dialog-act.vkaraisk.7,comment-about-understanding,ami_da_12,377.13,378.41,1280.0,Okay .
IS1006b,B,IS1006b.B.dialog-act.vkaraisk.8,comment-about-understanding,ami_da_12,378.41,380.32,1910.0,"But twenty six percent , do you know"
IS1006b,B,IS1006b.B.dialog-act.vkaraisk.20,comment-about-understanding,ami_da_12,651.98,652.86,880.0,"Okay ,"
IS1006b,B,IS1006b.B.dialog-act.vkaraisk.22,comment-about-understanding,ami_da_12,656.76,657.0,240.0,Okay .
IS1006b,B,IS1006b.B.dialog-act.vkaraisk.67,elicit-comment-understanding,ami_da_13,886.09,886.48,390.0,you know ?
IS1006b,B,IS1006b.B.dialog-act.vkaraisk.118,elicit-comment-understanding,ami_da_13,1085.21,1085.46,250.0,yeah ?
IS1006b,B,IS1006b.B.dialog-act.vkaraisk.131,comment-about-understanding,ami_da_12,1141.97,1143.02,1050.0,"Okay , okay ."
IS1006b,B,IS1006b.B.dialog-act.vkaraisk.135,comment-about-understanding,ami_da_12,1154.56,1155.49,930.0,Uh twenty five .
IS1006b,B,IS1006b.B.dialog-act.vkaraisk.151,elicit-comment-understanding,ami_da_13,1292.65,1293.16,510.0,Alright ?
IS1006b,B,IS1006b.B.dialog-act.vkaraisk.154,comment-about-understanding,ami_da_12,1625.55,1626.0,450.0,Okay .
IS1006b,B,IS1006b.B.dialog-act.vkaraisk.155,comment-about-understanding,ami_da_12,1630.92,1631.44,520.0,Okay .
IS1006b,B,IS1006b.B.dialog-act.vkaraisk.157,comment-about-understanding,ami_da_12,1710.58,1718.069,7489.0,Okay .
IS1006b,B,IS1006b.B.dialog-act.vkaraisk.164,comment-about-understanding,ami_da_12,1753.49,1753.9,410.0,"Okay ,"
IS1006b,B,IS1006b.B.dialog-act.vkaraisk.167,comment-about-understanding,ami_da_12,1785.1,1785.42,320.0,Okay. .
IS1006b,B,IS1006b.B.dialog-act.vkaraisk.183,comment-about-understanding,ami_da_12,2048.92,2049.71,790.0,Just beeps ?
IS1006b,D,IS1006b.D.dialog-act.vkaraisk.7,comment-about-understanding,ami_da_12,95.753,96.92,1167.0,Oh .
IS1006b,D,IS1006b.D.dialog-act.vkaraisk.81,comment-about-understanding,ami_da_12,369.44,371.25,1810.0,"Oh , okay ,"
IS1006b,D,IS1006b.D.dialog-act.vkaraisk.84,comment-about-understanding,ami_da_12,375.53,375.96,430.0,Okay .
IS1006b,D,IS1006b.D.dialog-act.vkaraisk.108,comment-about-understanding,ami_da_12,448.88,450.08,1200.0,Ah
IS1006b,D,IS1006b.D.dialog-act.vkaraisk.156,comment-about-understanding,ami_da_12,630.3,631.02,720.0,"Yeah one question ,"
IS1006b,D,IS1006b.D.dialog-act.vkaraisk.193,comment-about-understanding,ami_da_12,1001.23,1001.5,270.0,Oh
IS1006b,D,IS1006b.D.dialog-act.vkaraisk.204,comment-about-understanding,ami_da_12,1070.64,1070.89,250.0,Okay .
IS1006b,D,IS1006b.D.dialog-act.vkaraisk.205,comment-about-understanding,ami_da_12,1089.23,1089.57,340.0,Okay .
IS1006b,D,IS1006b.D.dialog-act.vkaraisk.226,comment-about-understanding,ami_da_12,1232.23,1232.52,290.0,Okay .
IS1006b,D,IS1006b.D.dialog-act.vkaraisk.251,comment-about-understanding,ami_da_12,1689.52,1689.86,340.0,Okay .
IS1006b,D,IS1006b.D.dialog-act.vkaraisk.252,comment-about-understanding,ami_da_12,1691.0,1692.01,1010.0,Couple of words .
IS1006b,D,IS1006b.D.dialog-act.vkaraisk.281,comment-about-understanding,ami_da_12,2036.896,2039.31,2414.0,Speakers in the remote cont
IS1006b,D,IS1006b.D.dialog-act.vkaraisk.282,comment-about-understanding,ami_da_12,2040.37,2041.08,710.0,Oh yeah .
IS1006b,D,IS1006b.D.dialog-act.vkaraisk.291,comment-about-understanding,ami_da_12,2070.63,2071.7,1070.0,You can't whistle .
IS1006b,D,IS1006b.D.dialog-act.vkaraisk.292,comment-about-understanding,ami_da_12,2071.7,2072.93,1230.0,Uh-huh .
IS1006b,D,IS1006b.D.dialog-act.vkaraisk.298,comment-about-understanding,ami_da_12,2086.54,2089.17,2630.0,With only one hand ?
IS1006b,D,IS1006b.D.dialog-act.vkaraisk.301,comment-about-understanding,ami_da_12,2107.53,2108.31,780.0,Oh
IS1006b,D,IS1006b.D.dialog-act.vkaraisk.303,comment-about-understanding,ami_da_12,2109.67,2111.0,1330.0,okay okay .
IS1006b,D,IS1006b.D.dialog-act.vkaraisk.304,comment-about-understanding,ami_da_12,2111.0,2112.37,1370.0,"Oh yeah , you do have ."
IS1006c,A,IS1006c.A.dialog-act.vkaraisk.25,comment-about-understanding,ami_da_12,347.4,348.11,710.0,Okay .
IS1006c,A,IS1006c.A.dialog-act.vkaraisk.37,comment-about-understanding,ami_da_12,415.08,415.43,350.0,Okay .
IS1006c,A,IS1006c.A.dialog-act.vkaraisk.41,comment-about-understanding,ami_da_12,541.3,541.57,270.0,"Okay ,"
IS1006c,A,IS1006c.A.dialog-act.vkaraisk.53,comment-about-understanding,ami_da_12,598.54,598.73,190.0,Three .
IS1006c,A,IS1006c.A.dialog-act.vkaraisk.70,comment-about-understanding,ami_da_12,824.73,825.28,550.0,"Uh-huh , okay ,"
IS1006c,A,IS1006c.A.dialog-act.vkaraisk.74,comment-about-understanding,ami_da_12,837.18,837.52,340.0,Okay .
IS1006c,A,IS1006c.A.dialog-act.vkaraisk.87,comment-about-understanding,ami_da_12,912.96,913.47,510.0,"Okay ,"
IS1006c,A,IS1006c.A.dialog-act.vkaraisk.93,comment-about-understanding,ami_da_12,921.79,922.2,410.0,Okay .
IS1006c,A,IS1006c.A.dialog-act.vkaraisk.120,comment-about-understanding,ami_da_12,1162.75,1163.47,720.0,"Four ,"
IS1006c,A,IS1006c.A.dialog-act.vkaraisk.141,comment-about-understanding,ami_da_12,1485.79,1486.03,240.0,Okay .
IS1006c,A,IS1006c.A.dialog-act.vkaraisk.146,comment-about-understanding,ami_da_12,1569.4,1569.95,550.0,Okay .
IS1006c,B,IS1006c.B.dialog-act.vkaraisk.13,comment-about-understanding,ami_da_12,415.65,415.85,200.0,"Okay ,"
IS1006c,B,IS1006c.B.dialog-act.vkaraisk.16,comment-about-understanding,ami_da_12,421.35,423.21,1860.0,L_C_D_ yeah L_C_D_ .
IS1006c,B,IS1006c.B.dialog-act.vkaraisk.20,comment-about-understanding,ami_da_12,440.34,440.66,320.0,"Okay ,"
IS1006c,B,IS1006c.B.dialog-act.vkaraisk.30,comment-about-understanding,ami_da_12,579.19,581.31,2120.0,L_C_
IS1006c,B,IS1006c.B.dialog-act.vkaraisk.95,comment-about-understanding,ami_da_12,867.98,868.32,340.0,okay .
IS1006c,B,IS1006c.B.dialog-act.vkaraisk.98,comment-about-understanding,ami_da_12,898.56,898.99,430.0,Uh-huh .
IS1006c,B,IS1006c.B.dialog-act.vkaraisk.106,elicit-comment-understanding,ami_da_13,947.4,948.9,1500.0,you know ?
IS1006c,B,IS1006c.B.dialog-act.vkaraisk.111,comment-about-understanding,ami_da_12,978.31,979.82,1510.0,"Uh-huh , uh-huh ."
IS1006c,B,IS1006c.B.dialog-act.vkaraisk.140,comment-about-understanding,ami_da_12,1482.33,1482.85,520.0,Okay .
IS1006c,B,IS1006c.B.dialog-act.vkaraisk.141,comment-about-understanding,ami_da_12,1636.33,1636.8,470.0,Okay .
IS1006c,B,IS1006c.B.dialog-act.vkaraisk.145,comment-about-understanding,ami_da_12,1675.25,1675.56,310.0,yeah
IS1006c,C,IS1006c.C.dialog-act.vkaraisk.107,comment-about-understanding,ami_da_12,562.49,562.85,360.0,Yep .
IS1006c,C,IS1006c.C.dialog-act.vkaraisk.119,comment-about-understanding,ami_da_12,699.69,700.528,838.0,Uh
IS1006c,C,IS1006c.C.dialog-act.vkaraisk.152,comment-about-understanding,ami_da_12,928.76,928.96,200.0,Ah .
IS1006c,C,IS1006c.C.dialog-act.vkaraisk.209,comment-about-understanding,ami_da_12,1505.46,1506.29,830.0,"Oh . Oh ,"
IS1006c,C,IS1006c.C.dialog-act.vkaraisk.241,comment-about-understanding,ami_da_12,1569.23,1569.59,360.0,Yeah .
IS1006c,C,IS1006c.C.dialog-act.vkaraisk.268,comment-about-understanding,ami_da_12,1729.92,1730.11,190.0,Yeah .
IS1006c,C,IS1006c.C.dialog-act.vkaraisk.298,comment-about-understanding,ami_da_12,1860.18,1860.75,570.0,Okay .
IS1006c,D,IS1006c.D.dialog-act.vkaraisk.6,comment-about-understanding,ami_da_12,170.52,170.87,350.0,Ah .
IS1006c,D,IS1006c.D.dialog-act.vkaraisk.9,comment-about-understanding,ami_da_12,297.19,297.5,310.0,Uh-huh .
IS1006c,D,IS1006c.D.dialog-act.vkaraisk.19,comment-about-understanding,ami_da_12,431.07,431.34,270.0,Ah .
IS1006c,D,IS1006c.D.dialog-act.vkaraisk.56,comment-about-understanding,ami_da_12,697.73,698.16,430.0,Ah .
IS1006c,D,IS1006c.D.dialog-act.vkaraisk.72,comment-about-understanding,ami_da_12,773.17,774.06,890.0,"Mm yeah , okay ,"
IS1006c,D,IS1006c.D.dialog-act.vkaraisk.236,comment-about-understanding,ami_da_12,1496.55,1497.52,970.0,These I'm sorry .
IS1006c,D,IS1006c.D.dialog-act.vkaraisk.237,comment-about-understanding,ami_da_12,1500.56,1501.4,840.0,"Yeah , yeah"
IS1006c,D,IS1006c.D.dialog-act.vkaraisk.256,elicit-comment-understanding,ami_da_13,1568.42,1568.88,460.0,Okay ?
IS1006c,D,IS1006c.D.dialog-act.vkaraisk.258,comment-about-understanding,ami_da_12,1614.2,1614.48,280.0,Mm-hmm .
IS1006c,D,IS1006c.D.dialog-act.vkaraisk.259,comment-about-understanding,ami_da_12,1635.64,1636.15,510.0,Okay .
IS1006d,A,IS1006d.A.dialog-act.s9553330.29,comment-about-understanding,ami_da_12,143.53,174.228,30698.0,MASA ?
IS1006d,A,IS1006d.A.dialog-act.s9553330.105,comment-about-understanding,ami_da_12,836.53,836.72,190.0,Yeah .
IS1006d,A,IS1006d.A.dialog-act.s9553330.111,comment-about-understanding,ami_da_12,843.49,846.255,2765.0,"Okay , okay . It's a kind Oh , okay okay ."
IS1006d,A,IS1006d.A.dialog-act.s9553330.148,comment-about-understanding,ami_da_12,997.87,998.31,440.0,Okay .
IS1006d,A,IS1006d.A.dialog-act.s9553330.150,comment-about-understanding,ami_da_12,1002.4,1004.834,2434.0,"And different routes . Okay , I see what"
IS1006d,A,IS1006d.A.dialog-act.s9553330.171,comment-about-understanding,ami_da_12,1151.078,1151.53,452.0,Oh .
IS1006d,A,IS1006d.A.dialog-act.s9553330.174,comment-about-understanding,ami_da_12,1155.94,1156.56,620.0,"Oh , number ."
IS1006d,A,IS1006d.A.dialog-act.s9553330.218,comment-about-understanding,ami_da_12,1323.23,1325.47,2240.0,Stay longer . Okay .
IS1006d,B,IS1006d.B.dialog-act.s9553330.52,comment-about-understanding,ami_da_12,650.76,653.294,2534.0,Really .
IS1006d,B,IS1006d.B.dialog-act.s9553330.102,comment-about-understanding,ami_da_12,1169.31,1170.48,1170.0,Twelve bucks .
IS1006d,B,IS1006d.B.dialog-act.s9553330.103,comment-about-understanding,ami_da_12,1170.48,1170.93,450.0,"Okay ,"
IS1006d,B,IS1006d.B.dialog-act.s9553330.162,comment-about-understanding,ami_da_12,1667.9,1668.21,310.0,"Oh yeah ,"
IS1006d,B,IS1006d.B.dialog-act.s9553330.178,comment-about-understanding,ami_da_12,1789.78,1790.18,400.0,You ?
IS1006d,B,IS1006d.B.dialog-act.s9553330.179,comment-about-understanding,ami_da_12,1792.79,1793.51,720.0,Okay .
IS1006d,C,IS1006d.C.dialog-act.s9553330.78,comment-about-understanding,ami_da_12,660.74,665.021,4281.0,"Oh , Oh . So Oh , okay . Yeah , okay . Oh , okay . So"
IS1006d,C,IS1006d.C.dialog-act.s9553330.269,comment-about-understanding,ami_da_12,1541.4,1541.74,340.0,Oh .
IS1006d,D,IS1006d.D.dialog-act.s9553330.27,comment-about-understanding,ami_da_12,348.592,352.253,3661.0,"Oh , these are strawberries ."
IS1006d,D,IS1006d.D.dialog-act.s9553330.56,comment-about-understanding,ami_da_12,498.256,500.09,1834.0,It's my turn .
IS1006d,D,IS1006d.D.dialog-act.s9553330.99,comment-about-understanding,ami_da_12,667.38,668.01,630.0,Two ?
IS1006d,D,IS1006d.D.dialog-act.s9553330.121,comment-about-understanding,ami_da_12,723.72,724.171,451.0,It is
IS1006d,D,IS1006d.D.dialog-act.s9553330.132,comment-about-understanding,ami_da_12,755.4,755.83,430.0,Okay .
IS1006d,D,IS1006d.D.dialog-act.s9553330.135,comment-about-understanding,ami_da_12,782.06,783.51,1450.0,"Oh , it's a jog dial , okay ."
IS1006d,D,IS1006d.D.dialog-act.s9553330.137,comment-about-understanding,ami_da_12,786.02,786.28,260.0,Uh-huh .
IS1006d,D,IS1006d.D.dialog-act.s9553330.140,comment-about-understanding,ami_da_12,798.064,800.1,2036.0,Okay .
IS1006d,D,IS1006d.D.dialog-act.s9553330.227,comment-about-understanding,ami_da_12,1123.49,1123.78,290.0,Ah-ha .
IS1006d,D,IS1006d.D.dialog-act.s9553330.230,comment-about-understanding,ami_da_12,1138.04,1138.72,680.0,One battery ?
IS1006d,D,IS1006d.D.dialog-act.s9553330.249,comment-about-understanding,ami_da_12,1182.31,1183.58,1270.0,"Simple chip , okay ."
IS1006d,D,IS1006d.D.dialog-act.s9553330.252,comment-about-understanding,ami_da_12,1194.13,1195.31,1180.0,One ?
IS1006d,D,IS1006d.D.dialog-act.s9553330.286,comment-about-understanding,ami_da_12,1300.03,1302.21,2180.0,"Or only only scroll wheel , okay ."
IS1006d,D,IS1006d.D.dialog-act.s9553330.349,comment-about-understanding,ami_da_12,1536.41,1537.75,1340.0,"Uh , it's better ."
IS1007a,A,IS1007a.A.dialog-act.s9553330.25,comment-about-understanding,ami_da_12,241.58,242.12,540.0,You are doing th
IS1007a,A,IS1007a.A.dialog-act.s9553330.32,comment-about-understanding,ami_da_12,300.092,301.87,1778.0,doing the marketing .
IS1007a,A,IS1007a.A.dialog-act.s9553330.55,comment-about-understanding,ami_da_12,550.02,550.83,810.0,In the hand .
IS1007a,B,IS1007a.B.dialog-act.s9553330.131,comment-about-understanding,ami_da_12,742.55,743.13,580.0,Okay .
IS1007a,B,IS1007a.B.dialog-act.s9553330.143,comment-about-understanding,ami_da_12,784.72,785.82,1100.0,"Okay , alright ."
IS1007a,C,IS1007a.C.dialog-act.s9553330.58,comment-about-understanding,ami_da_12,743.12,744.992,1872.0,Oh right so
IS1007b,A,IS1007b.A.dialog-act.s9553330.55,comment-about-understanding,ami_da_12,694.55,695.49,940.0,Speech recognition .
IS1007b,B,IS1007b.B.dialog-act.s9553330.6,comment-about-understanding,ami_da_12,62.97,63.43,460.0,Okay .
IS1007b,B,IS1007b.B.dialog-act.s9553330.32,comment-about-understanding,ami_da_12,370.3,371.21,910.0,alri okay .
IS1007b,B,IS1007b.B.dialog-act.s9553330.52,comment-about-understanding,ami_da_12,469.64,469.84,200.0,Oh .
IS1007b,B,IS1007b.B.dialog-act.s9553330.101,comment-about-understanding,ami_da_12,691.27,693.584,2314.0,Mm . Okay .
IS1007b,B,IS1007b.B.dialog-act.s9553330.121,comment-about-understanding,ami_da_12,762.01,762.78,770.0,"Ah , a big jump ."
IS1007b,B,IS1007b.B.dialog-act.s9553330.177,comment-about-understanding,ami_da_12,1136.45,1138.46,2010.0,Yeah . Okay .
IS1007b,B,IS1007b.B.dialog-act.s9553330.180,comment-about-understanding,ami_da_12,1189.97,1191.174,1204.0,I didn't quite understand
IS1007b,D,IS1007b.D.dialog-act.s9553330.14,comment-about-understanding,ami_da_12,371.7,372.22,520.0,That's it .
IS1007c,B,IS1007c.B.dialog-act.s9553330.119,comment-about-understanding,ami_da_12,815.49,818.471,2981.0,Uh ?
IS1007c,B,IS1007c.B.dialog-act.s9553330.149,comment-about-understanding,ami_da_12,953.5,954.67,1170.0,A help button .
IS1007c,B,IS1007c.B.dialog-act.s9553330.151,comment-about-understanding,ami_da_12,956.86,958.45,1590.0,So on the T_V_ screen .
IS1007c,B,IS1007c.B.dialog-act.s9553330.297,comment-about-understanding,ami_da_12,1866.95,1867.21,260.0,Uh ?
IS1007c,B,IS1007c.B.dialog-act.s9553330.311,comment-about-understanding,ami_da_12,1952.16,1953.5,1340.0,"Oh , okay . Yeah ."
IS1007c,D,IS1007c.D.dialog-act.s9553330.143,elicit-comment-understanding,ami_da_13,2064.07,2067.05,2980.0,Okay . See you another thirty minutes .
IS1007d,A,IS1007d.A.dialog-act.s9553330.12,comment-about-understanding,ami_da_12,262.12,262.83,710.0,Fifteen dollars ?
IS1007d,A,IS1007d.A.dialog-act.s9553330.89,comment-about-understanding,ami_da_12,1557.04,1559.56,2520.0,Ah so it's optional with the okay .
IS1007d,B,IS1007d.B.dialog-act.s9553330.270,comment-about-understanding,ami_da_12,1546.44,1546.65,210.0,Huh ?
IS1007d,C,IS1007d.C.dialog-act.s9553330.34,comment-about-understanding,ami_da_12,285.4,286.32,920.0,"How many , excuse me ?"
IS1007d,C,IS1007d.C.dialog-act.s9553330.44,comment-about-understanding,ami_da_12,318.74,319.43,690.0,excuse me ?
IS1007d,C,IS1007d.C.dialog-act.s9553330.45,comment-about-understanding,ami_da_12,321.67,322.19,520.0,Oh yeah
IS1007d,C,IS1007d.C.dialog-act.s9553330.109,comment-about-understanding,ami_da_12,865.48,865.87,390.0,Excuse me ?
IS1008a,A,IS1008a.A.dialog-act.s9553330.9,comment-about-understanding,ami_da_12,90.63,91.42,790.0,E_D_ okay .
IS1008a,A,IS1008a.A.dialog-act.s9553330.15,comment-about-understanding,ami_da_12,109.84,110.77,930.0,Industrial designer .
IS1008a,A,IS1008a.A.dialog-act.s9553330.22,comment-about-understanding,ami_da_12,156.23,157.15,920.0,Mm-hmm
IS1008a,A,IS1008a.A.dialog-act.s9553330.28,comment-about-understanding,ami_da_12,180.11,180.88,770.0,"Okay ,"
IS1008a,A,IS1008a.A.dialog-act.s9553330.128,elicit-comment-understanding,ami_da_13,864.74,865.08,340.0,It's okay ?
IS1008a,A,IS1008a.A.dialog-act.s9553330.135,elicit-comment-understanding,ami_da_13,896.61,897.45,840.0,It's good ?
IS1008a,B,IS1008a.B.dialog-act.s9553330.29,comment-about-understanding,ami_da_12,865.66,865.76,100.0,Mm-hmm .
IS1008a,B,IS1008a.B.dialog-act.s9553330.33,comment-about-understanding,ami_da_12,897.3,897.51,210.0,Okay .
IS1008a,D,IS1008a.D.dialog-act.s9553330.22,comment-about-understanding,ami_da_12,241.99,242.8,810.0,"Remote controls ,"
IS1008b,A,IS1008b.A.dialog-act.vkaraisk.4,comment-about-understanding,ami_da_12,38.86,40.49,1630.0,okay .
IS1008b,A,IS1008b.A.dialog-act.vkaraisk.10,elicit-comment-understanding,ami_da_13,59.56,59.92,360.0,"Okay ,"
IS1008b,A,IS1008b.A.dialog-act.vkaraisk.31,elicit-comment-understanding,ami_da_13,115.99,116.44,450.0,"okay ,"
IS1008b,A,IS1008b.A.dialog-act.vkaraisk.42,elicit-comment-understanding,ami_da_13,166.28,166.56,280.0,Okay .
IS1008b,A,IS1008b.A.dialog-act.vkaraisk.46,comment-about-understanding,ami_da_12,176.12,176.41,290.0,"Okay , ."
IS1008b,A,IS1008b.A.dialog-act.vkaraisk.72,elicit-comment-understanding,ami_da_13,501.59,510.27,8680.0,"and uh uh any questions or uh clarifications , or any discussion on the functional design ?"
IS1008b,A,IS1008b.A.dialog-act.vkaraisk.85,comment-about-understanding,ami_da_12,633.6,644.2,10600.0,This is Christine .
IS1008b,A,IS1008b.A.dialog-act.vkaraisk.86,comment-about-understanding,ami_da_12,652.17,653.15,980.0,"That's yours , okay ."
IS1008b,A,IS1008b.A.dialog-act.vkaraisk.92,elicit-comment-understanding,ami_da_13,665.02,665.44,420.0,okay .
IS1008b,A,IS1008b.A.dialog-act.vkaraisk.94,elicit-comment-understanding,ami_da_13,672.64,673.56,920.0,"Okay ,"
IS1008b,A,IS1008b.A.dialog-act.vkaraisk.96,elicit-comment-understanding,ami_da_13,678.2,678.52,320.0,"Okay ,"
IS1008b,A,IS1008b.A.dialog-act.vkaraisk.107,elicit-comment-understanding,ami_da_13,704.97,705.46,490.0,"okay ,"
IS1008b,A,IS1008b.A.dialog-act.vkaraisk.116,elicit-comment-understanding,ami_da_13,722.25,723.48,1230.0,any other questions ?
IS1008b,A,IS1008b.A.dialog-act.vkaraisk.117,comment-about-understanding,ami_da_12,729.32,730.11,790.0,Okay .
IS1008b,A,IS1008b.A.dialog-act.vkaraisk.120,comment-about-understanding,ami_da_12,765.59,765.87,280.0,Mm-hmm .
IS1008b,A,IS1008b.A.dialog-act.vkaraisk.136,elicit-comment-understanding,ami_da_13,1101.96,1102.35,390.0,"okay ,"
IS1008b,A,IS1008b.A.dialog-act.vkaraisk.138,elicit-comment-understanding,ami_da_13,1116.99,1117.39,400.0,"okay ,"
IS1008b,A,IS1008b.A.dialog-act.vkaraisk.140,elicit-comment-understanding,ami_da_13,1120.36,1120.83,470.0,okay .
IS1008b,A,IS1008b.A.dialog-act.vkaraisk.142,elicit-comment-understanding,ami_da_13,1127.44,1127.95,510.0,"Okay ,"
IS1008b,A,IS1008b.A.dialog-act.vkaraisk.145,elicit-comment-understanding,ami_da_13,1132.52,1132.86,340.0,"okay ,"
IS1008b,A,IS1008b.A.dialog-act.vkaraisk.160,elicit-comment-understanding,ami_da_13,1193.04,1193.51,470.0,okay .
IS1008b,A,IS1008b.A.dialog-act.vkaraisk.163,elicit-comment-understanding,ami_da_13,1200.17,1200.58,410.0,okay .
IS1008b,A,IS1008b.A.dialog-act.vkaraisk.171,elicit-comment-understanding,ami_da_13,1217.63,1217.93,300.0,okay .
IS1008b,A,IS1008b.A.dialog-act.vkaraisk.174,elicit-comment-understanding,ami_da_13,1223.64,1223.98,340.0,"okay ,"
IS1008b,A,IS1008b.A.dialog-act.vkaraisk.176,elicit-comment-understanding,ami_da_13,1225.51,1225.89,380.0,okay .
IS1008b,A,IS1008b.A.dialog-act.vkaraisk.179,elicit-comment-understanding,ami_da_13,1231.11,1231.47,360.0,okay .
IS1008b,A,IS1008b.A.dialog-act.vkaraisk.181,elicit-comment-understanding,ami_da_13,1235.45,1235.77,320.0,okay .
IS1008b,A,IS1008b.A.dialog-act.vkaraisk.186,elicit-comment-understanding,ami_da_13,1254.71,1255.01,300.0,"okay ,"
IS1008b,A,IS1008b.A.dialog-act.vkaraisk.197,comment-about-understanding,ami_da_12,1291.17,1292.05,880.0,Participant three .
IS1008b,A,IS1008b.A.dialog-act.vkaraisk.198,comment-about-understanding,ami_da_12,1299.64,1299.92,280.0,"Okay ,"
IS1008b,A,IS1008b.A.dialog-act.vkaraisk.208,elicit-comment-understanding,ami_da_13,1594.08,1594.37,290.0,"okay ,"
IS1008b,A,IS1008b.A.dialog-act.vkaraisk.221,elicit-comment-understanding,ami_da_13,1714.59,1714.92,330.0,"okay ,"
IS1008b,A,IS1008b.A.dialog-act.vkaraisk.228,elicit-comment-understanding,ami_da_13,1731.26,1731.74,480.0,Okay ?
IS1008b,B,IS1008b.B.dialog-act.vkaraisk.107,comment-about-understanding,ami_da_12,708.84,710.33,1490.0,"Not fat , huh ."
IS1008b,B,IS1008b.B.dialog-act.vkaraisk.111,comment-about-understanding,ami_da_12,816.454,818.46,2006.0,Speech recognition? .
IS1008b,B,IS1008b.B.dialog-act.vkaraisk.114,comment-about-understanding,ami_da_12,914.85,916.0,1150.0,uh I'm sorry ?
IS1008b,B,IS1008b.B.dialog-act.vkaraisk.137,comment-about-understanding,ami_da_12,1498.05,1501.41,3360.0,"it's um , seems very understandable ."
IS1008b,B,IS1008b.B.dialog-act.vkaraisk.153,comment-about-understanding,ami_da_12,1571.48,1572.85,1370.0,so I don't have any questions .
IS1008b,C,IS1008b.C.dialog-act.vkaraisk.8,comment-about-understanding,ami_da_12,199.37,199.48,110.0,Two ?
IS1008b,C,IS1008b.C.dialog-act.vkaraisk.109,elicit-comment-understanding,ami_da_13,1489.89,1493.392,3502.0,I don't know if you guys have any questions or
IS1008b,C,IS1008b.C.dialog-act.vkaraisk.137,comment-about-understanding,ami_da_12,1707.22,1707.68,460.0,Sure .
IS1008b,C,IS1008b.C.dialog-act.vkaraisk.139,comment-about-understanding,ami_da_12,1710.48,1711.2,720.0,Yeah . Sure .
IS1008b,C,IS1008b.C.dialog-act.vkaraisk.140,comment-about-understanding,ami_da_12,1731.53,1731.9,370.0,Okay .
IS1008b,D,IS1008b.D.dialog-act.vkaraisk.19,elicit-comment-understanding,ami_da_13,764.95,765.53,580.0,Okay ?
IS1008b,D,IS1008b.D.dialog-act.vkaraisk.65,elicit-comment-understanding,ami_da_13,1059.17,1059.34,170.0,'Kay
IS1008b,D,IS1008b.D.dialog-act.vkaraisk.70,elicit-comment-understanding,ami_da_13,1078.27,1078.77,500.0,okay .
IS1008b,D,IS1008b.D.dialog-act.vkaraisk.90,comment-about-understanding,ami_da_12,1194.39,1194.84,450.0,Mm-hmm .
IS1008b,D,IS1008b.D.dialog-act.vkaraisk.104,comment-about-understanding,ami_da_12,1706.7,1707.4,700.0,Right .
IS1008c,A,IS1008c.A.dialog-act.s9553330.20,comment-about-understanding,ami_da_12,111.69,113.5,1810.0,You're number two .
IS1008c,A,IS1008c.A.dialog-act.s9553330.31,comment-about-understanding,ami_da_12,441.64,441.97,330.0,Mm-hmm .
IS1008c,A,IS1008c.A.dialog-act.s9553330.104,elicit-comment-understanding,ami_da_13,1438.88,1439.26,380.0,Okay ?
IS1008c,B,IS1008c.B.dialog-act.s9553330.30,comment-about-understanding,ami_da_12,561.03,564.08,3050.0,in terms of comments on this or in terms of my own
IS1008c,B,IS1008c.B.dialog-act.s9553330.111,comment-about-understanding,ami_da_12,1115.216,1116.66,1444.0,Oh yeah .
IS1008c,B,IS1008c.B.dialog-act.s9553330.141,comment-about-understanding,ami_da_12,1442.61,1442.88,270.0,Sure .
IS1008c,C,IS1008c.C.dialog-act.s9553330.76,comment-about-understanding,ami_da_12,420.38,421.36,980.0,"Oh , I know , let's see ."
IS1008d,A,IS1008d.A.dialog-act.s9553330.33,comment-about-understanding,ami_da_12,352.87,354.25,1380.0,"Yeah , the sides maybe is good ."
IS1008d,A,IS1008d.A.dialog-act.s9553330.146,elicit-comment-understanding,ami_da_13,1122.55,1123.32,770.0,Okay ?
IS1008d,D,IS1008d.D.dialog-act.s9553330.63,elicit-comment-understanding,ami_da_13,758.01,759.19,1180.0,Okay ?
IS1008d,D,IS1008d.D.dialog-act.s9553330.79,elicit-comment-understanding,ami_da_13,819.1,819.6,500.0,Okay ?
IS1009a,A,IS1009a.A.dialog-act.dharshi.145,elicit-comment-understanding,ami_da_13,770.87,773.57,2700.0,Um any questions at this point ?
IS1009b,A,IS1009b.A.dialog-act.dharshi.39,comment-about-understanding,ami_da_12,583.19,583.66,470.0,Number two .
IS1009b,A,IS1009b.A.dialog-act.dharshi.44,comment-about-understanding,ami_da_12,604.55,605.26,710.0,"Yeah yeah , uh-huh ."
IS1009b,A,IS1009b.A.dialog-act.dharshi.87,comment-about-understanding,ami_da_12,1200.4,1201.61,1210.0,You are number two ?
IS1009b,A,IS1009b.A.dialog-act.dharshi.88,comment-about-understanding,ami_da_12,1203.06,1203.41,350.0,You're three .
IS1009b,B,IS1009b.B.dialog-act.dharshi.30,comment-about-understanding,ami_da_12,1111.85,1112.46,610.0,Yeah .
IS1009b,C,IS1009b.C.dialog-act.dharshi.36,elicit-comment-understanding,ami_da_13,602.45,605.21,2760.0,The cup cup shape here ?
IS1009c,A,IS1009c.A.dialog-act.dharshi.53,comment-about-understanding,ami_da_12,324.58,324.83,250.0,Three .
IS1009c,A,IS1009c.A.dialog-act.dharshi.155,comment-about-understanding,ami_da_12,1697.01,1698.02,1010.0,A what ?
IS1009c,B,IS1009c.B.dialog-act.dharshi.19,comment-about-understanding,ami_da_12,377.33,377.69,360.0,Pardon me ?
IS1009d,A,IS1009d.A.dialog-act.dharshi.50,comment-about-understanding,ami_da_12,521.78,522.53,750.0,What kind of button ?
IS1009d,A,IS1009d.A.dialog-act.dharshi.51,comment-about-understanding,ami_da_12,523.68,523.99,310.0,Menu ?
IS1009d,A,IS1009d.A.dialog-act.dharshi.52,comment-about-understanding,ami_da_12,523.99,526.0,2010.0,"Uh menu th menu , uh one one ."
IS1009d,A,IS1009d.A.dialog-act.dharshi.91,elicit-comment-understanding,ami_da_13,868.09,869.29,1200.0,See ? Fi see ?
IS1009d,B,IS1009d.B.dialog-act.dharshi.48,comment-about-understanding,ami_da_12,699.16,699.48,320.0,Pardon me ?
IS1009d,D,IS1009d.D.dialog-act.dharshi.196,comment-about-understanding,ami_da_12,1446.12,1446.6,480.0,Hmm ?
IS1009d,D,IS1009d.D.dialog-act.dharshi.223,comment-about-understanding,ami_da_12,1531.83,1532.3,470.0,One .
IS1009d,D,IS1009d.D.dialog-act.dharshi.231,comment-about-understanding,ami_da_12,1554.1,1554.62,520.0,Three .
IS1009d,D,IS1009d.D.dialog-act.dharshi.239,comment-about-understanding,ami_da_12,1589.55,1590.53,980.0,Three ?
TS3003a,A,TS3003a.A.dialog-act.vkaraisk.32,comment-about-understanding,ami_da_12,109.68,112.06,2380.0,Uh okay .
TS3003a,A,TS3003a.A.dialog-act.vkaraisk.54,comment-about-understanding,ami_da_12,183.14,184.23,1090.0,Yeah .
TS3003a,A,TS3003a.A.dialog-act.vkaraisk.128,comment-about-understanding,ami_da_12,473.94,475.34,1400.0,Okay .
TS3003a,A,TS3003a.A.dialog-act.vkaraisk.198,comment-about-understanding,ami_da_12,838.01,840.896,2886.0,"yeah , I see ."
TS3003a,A,TS3003a.A.dialog-act.vkaraisk.249,comment-about-understanding,ami_da_12,1204.42,1206.22,1800.0,I've got a message .
TS3003a,A,TS3003a.A.dialog-act.vkaraisk.257,comment-about-understanding,ami_da_12,1237.33,1237.99,660.0,It's off .
TS3003a,A,TS3003a.A.dialog-act.vkaraisk.293,comment-about-understanding,ami_da_12,1377.25,1378.06,810.0,Shock proof .
TS3003a,A,TS3003a.A.dialog-act.vkaraisk.295,comment-about-understanding,ami_da_12,1386.87,1387.63,760.0,Waterproof .
TS3003a,A,TS3003a.A.dialog-act.vkaraisk.300,comment-about-understanding,ami_da_12,1409.56,1410.4,840.0,battery stays .
TS3003a,B,TS3003a.B.dialog-act.vkaraisk.7,comment-about-understanding,ami_da_12,216.09,216.79,700.0,Okay . Yeah .
TS3003a,B,TS3003a.B.dialog-act.vkaraisk.10,comment-about-understanding,ami_da_12,435.26,435.65,390.0,Okay .
TS3003a,B,TS3003a.B.dialog-act.vkaraisk.15,comment-about-understanding,ami_da_12,506.21,506.56,350.0,Okay .
TS3003a,B,TS3003a.B.dialog-act.vkaraisk.25,comment-about-understanding,ami_da_12,704.99,705.28,290.0,Okay .
TS3003a,B,TS3003a.B.dialog-act.vkaraisk.55,comment-about-understanding,ami_da_12,1206.96,1208.02,1060.0,"Five minutes , okay ."
TS3003a,D,TS3003a.D.dialog-act.vkaraisk.11,comment-about-understanding,ami_da_12,212.16,212.68,520.0,Oh yeah .
TS3003a,D,TS3003a.D.dialog-act.vkaraisk.20,comment-about-understanding,ami_da_12,506.74,506.93,190.0,'Kay .
TS3003a,D,TS3003a.D.dialog-act.vkaraisk.32,comment-about-understanding,ami_da_12,704.56,705.626,1066.0,Okay .
TS3003b,A,TS3003b.A.dialog-act.vkaraisk.49,comment-about-understanding,ami_da_12,548.29,548.51,220.0,Okay
TS3003b,A,TS3003b.A.dialog-act.vkaraisk.64,comment-about-understanding,ami_da_12,790.17,790.44,270.0,'Kay .
TS3003b,A,TS3003b.A.dialog-act.vkaraisk.66,comment-about-understanding,ami_da_12,831.72,833.06,1340.0,Okay .
TS3003b,A,TS3003b.A.dialog-act.vkaraisk.81,comment-about-understanding,ami_da_12,1023.16,1023.58,420.0,Okay .
TS3003b,A,TS3003b.A.dialog-act.vkaraisk.116,comment-about-understanding,ami_da_12,1229.56,1230.91,1350.0,Against the no teletext ?
TS3003b,A,TS3003b.A.dialog-act.vkaraisk.159,comment-about-understanding,ami_da_12,1469.07,1469.45,380.0,Yeah .
TS3003b,A,TS3003b.A.dialog-act.vkaraisk.161,comment-about-understanding,ami_da_12,1475.0,1475.59,590.0,No ?
TS3003b,A,TS3003b.A.dialog-act.vkaraisk.186,comment-about-understanding,ami_da_12,1640.054,1642.36,2306.0,the numbers yeah .
TS3003b,A,TS3003b.A.dialog-act.vkaraisk.196,comment-about-understanding,ami_da_12,1701.66,1703.39,1730.0,To operate only the T_V_ yeah .
TS3003b,A,TS3003b.A.dialog-act.vkaraisk.199,comment-about-understanding,ami_da_12,1722.53,1722.85,320.0,'Kay .
TS3003b,A,TS3003b.A.dialog-act.vkaraisk.207,comment-about-understanding,ami_da_12,1762.38,1764.56,2180.0,Mm . No .
TS3003b,A,TS3003b.A.dialog-act.vkaraisk.264,comment-about-understanding,ami_da_12,2046.81,2048.72,1910.0,Yeah .
TS3003b,B,TS3003b.B.dialog-act.vkaraisk.1,comment-about-understanding,ami_da_12,120.38,120.74,360.0,Okay .
TS3003b,B,TS3003b.B.dialog-act.vkaraisk.8,comment-about-understanding,ami_da_12,576.96,577.16,200.0,Mm ?
TS3003b,B,TS3003b.B.dialog-act.vkaraisk.9,comment-about-understanding,ami_da_12,578.52,578.91,390.0,Oh .
TS3003b,B,TS3003b.B.dialog-act.vkaraisk.130,comment-about-understanding,ami_da_12,1801.82,1802.0,180.0,Mm .
TS3003b,B,TS3003b.B.dialog-act.vkaraisk.138,comment-about-understanding,ami_da_12,2009.07,2009.7,630.0,Mm . Yeah .
TS3003b,B,TS3003b.B.dialog-act.vkaraisk.143,comment-about-understanding,ami_da_12,2069.37,2070.0,630.0,'Kay .
TS3003b,C,TS3003b.C.dialog-act.vkaraisk.64,comment-about-understanding,ami_da_12,1801.24,1801.42,180.0,Yeah .
TS3003b,D,TS3003b.D.dialog-act.vkaraisk.4,comment-about-understanding,ami_da_12,121.11,121.48,370.0,Okay .
TS3003b,D,TS3003b.D.dialog-act.vkaraisk.89,comment-about-understanding,ami_da_12,550.33,550.53,200.0,'Kay .
TS3003b,D,TS3003b.D.dialog-act.vkaraisk.215,comment-about-understanding,ami_da_12,2009.37,2009.54,170.0,Yeah .
TS3003b,D,TS3003b.D.dialog-act.vkaraisk.223,comment-about-understanding,ami_da_12,2069.67,2070.58,910.0,'Kay .
TS3003c,A,TS3003c.A.dialog-act.vkaraisk.43,comment-about-understanding,ami_da_12,432.55,433.09,540.0,Okay .
TS3003c,A,TS3003c.A.dialog-act.vkaraisk.45,elicit-comment-understanding,ami_da_13,434.95,437.36,2410.0,Any questions about the the trends ?
TS3003c,A,TS3003c.A.dialog-act.vkaraisk.47,elicit-comment-understanding,ami_da_13,440.59,442.22,1630.0,No ?
TS3003c,A,TS3003c.A.dialog-act.vkaraisk.53,comment-about-understanding,ami_da_12,916.21,917.39,1180.0,Okay .
TS3003c,A,TS3003c.A.dialog-act.vkaraisk.69,comment-about-understanding,ami_da_12,999.41,1001.06,1650.0,Yeah . Okay .
TS3003c,A,TS3003c.A.dialog-act.vkaraisk.70,comment-about-understanding,ami_da_12,1008.48,1008.84,360.0,Yeah .
TS3003c,A,TS3003c.A.dialog-act.vkaraisk.88,comment-about-understanding,ami_da_12,1216.95,1217.91,960.0,Easier to use ?
TS3003c,A,TS3003c.A.dialog-act.vkaraisk.91,comment-about-understanding,ami_da_12,1240.36,1240.69,330.0,Yeah .
TS3003c,A,TS3003c.A.dialog-act.vkaraisk.113,comment-about-understanding,ami_da_12,1321.27,1323.22,1950.0,Okay
TS3003c,A,TS3003c.A.dialog-act.vkaraisk.126,comment-about-understanding,ami_da_12,1389.87,1390.38,510.0,You don't know ?
TS3003c,A,TS3003c.A.dialog-act.vkaraisk.132,comment-about-understanding,ami_da_12,1417.83,1419.39,1560.0,Change the cases . Yeah .
TS3003c,A,TS3003c.A.dialog-act.vkaraisk.157,comment-about-understanding,ami_da_12,1566.62,1567.61,990.0,Mm . Okay .
TS3003c,A,TS3003c.A.dialog-act.vkaraisk.164,comment-about-understanding,ami_da_12,1591.8,1593.69,1890.0,That's okay .
TS3003c,A,TS3003c.A.dialog-act.vkaraisk.207,comment-about-understanding,ami_da_12,1936.23,1938.28,2050.0,'Kay .
TS3003c,A,TS3003c.A.dialog-act.vkaraisk.218,comment-about-understanding,ami_da_12,1990.66,1992.9,2240.0,this that's top ? Okay .
TS3003c,A,TS3003c.A.dialog-act.vkaraisk.223,comment-about-understanding,ami_da_12,2035.81,2036.18,370.0,Yeah .
TS3003c,B,TS3003c.B.dialog-act.vkaraisk.2,comment-about-understanding,ami_da_12,438.38,439.43,1050.0,Mm no .
TS3003c,B,TS3003c.B.dialog-act.vkaraisk.72,comment-about-understanding,ami_da_12,1009.07,1009.4,330.0,Nah .
TS3003c,B,TS3003c.B.dialog-act.vkaraisk.80,comment-about-understanding,ami_da_12,1052.8,1053.37,570.0,Okay
TS3003c,B,TS3003c.B.dialog-act.vkaraisk.90,comment-about-understanding,ami_da_12,1114.8,1115.65,850.0,Okay .
TS3003c,B,TS3003c.B.dialog-act.vkaraisk.99,comment-about-understanding,ami_da_12,1237.71,1238.2,490.0,Okay .
TS3003c,B,TS3003c.B.dialog-act.vkaraisk.100,comment-about-understanding,ami_da_12,1240.02,1240.26,240.0,Yeah .
TS3003c,B,TS3003c.B.dialog-act.vkaraisk.142,comment-about-understanding,ami_da_12,1687.84,1688.51,670.0,Yeah okay .
TS3003c,B,TS3003c.B.dialog-act.vkaraisk.179,comment-about-understanding,ami_da_12,1979.53,1979.8,270.0,Yeah .
TS3003c,B,TS3003c.B.dialog-act.vkaraisk.182,comment-about-understanding,ami_da_12,1988.64,1989.45,810.0,Mm ?
TS3003c,B,TS3003c.B.dialog-act.vkaraisk.207,comment-about-understanding,ami_da_12,2074.03,2074.36,330.0,Yeah .
TS3003c,D,TS3003c.D.dialog-act.vkaraisk.45,elicit-comment-understanding,ami_da_13,436.35,437.11,760.0,Any questions ?
TS3003c,D,TS3003c.D.dialog-act.vkaraisk.51,comment-about-understanding,ami_da_12,1009.02,1010.1,1080.0,Okay .
TS3003c,D,TS3003c.D.dialog-act.vkaraisk.86,comment-about-understanding,ami_da_12,1321.92,1322.25,330.0,'Kay .
TS3003c,D,TS3003c.D.dialog-act.vkaraisk.115,comment-about-understanding,ami_da_12,1559.92,1560.33,410.0,Okay .
TS3003c,D,TS3003c.D.dialog-act.vkaraisk.118,comment-about-understanding,ami_da_12,1566.64,1566.88,240.0,'Kay .
TS3003d,A,TS3003d.A.dialog-act.vkaraisk.4,comment-about-understanding,ami_da_12,29.17,31.89,2720.0,Okay .
TS3003d,A,TS3003d.A.dialog-act.vkaraisk.49,comment-about-understanding,ami_da_12,354.72,356.22,1500.0,Yeah . Okay .
TS3003d,A,TS3003d.A.dialog-act.vkaraisk.57,comment-about-understanding,ami_da_12,396.54,398.43,1890.0,Yeah . 'Kay .
TS3003d,A,TS3003d.A.dialog-act.vkaraisk.94,comment-about-understanding,ami_da_12,546.33,547.41,1080.0,Sixteen .
TS3003d,A,TS3003d.A.dialog-act.vkaraisk.99,comment-about-understanding,ami_da_12,558.37,559.04,670.0,seventeen .
TS3003d,A,TS3003d.A.dialog-act.vkaraisk.100,comment-about-understanding,ami_da_12,562.21,563.63,1420.0,"Okay , including the help ?"
TS3003d,A,TS3003d.A.dialog-act.vkaraisk.173,comment-about-understanding,ami_da_12,965.64,965.99,350.0,Alright .
TS3003d,A,TS3003d.A.dialog-act.vkaraisk.182,comment-about-understanding,ami_da_12,1008.79,1012.91,4120.0,It has to be advanced . Yeah . Okay .
TS3003d,A,TS3003d.A.dialog-act.vkaraisk.249,comment-about-understanding,ami_da_12,1393.81,1395.63,1820.0,Yeah .
TS3003d,A,TS3003d.A.dialog-act.vkaraisk.282,comment-about-understanding,ami_da_12,1540.66,1541.28,620.0,No .
TS3003d,A,TS3003d.A.dialog-act.vkaraisk.290,comment-about-understanding,ami_da_12,1564.73,1567.03,2300.0,Evaluation criteria . That's right .
TS3003d,A,TS3003d.A.dialog-act.vkaraisk.342,comment-about-understanding,ami_da_12,1884.46,1884.65,190.0,Mm ?
TS3003d,A,TS3003d.A.dialog-act.vkaraisk.351,comment-about-understanding,ami_da_12,1957.904,1962.64,4736.0,Okay .
TS3003d,A,TS3003d.A.dialog-act.vkaraisk.361,comment-about-understanding,ami_da_12,2000.83,2001.29,460.0,Okay .
TS3003d,A,TS3003d.A.dialog-act.vkaraisk.365,comment-about-understanding,ami_da_12,2016.368,2019.97,3602.0,No ?
TS3003d,A,TS3003d.A.dialog-act.vkaraisk.418,comment-about-understanding,ami_da_12,2330.05,2331.84,1790.0,Docking station .
TS3003d,B,TS3003d.B.dialog-act.vkaraisk.195,comment-about-understanding,ami_da_12,2176.18,2176.44,260.0,No ?
TS3003d,B,TS3003d.B.dialog-act.vkaraisk.231,comment-about-understanding,ami_da_12,2560.07,2560.74,670.0,Okay .
TS3003d,B,TS3003d.B.dialog-act.vkaraisk.236,comment-about-understanding,ami_da_12,2578.16,2578.81,650.0,Okay .
TS3003d,C,TS3003d.C.dialog-act.vkaraisk.92,comment-about-understanding,ami_da_12,1317.08,1317.39,310.0,Yeah ?
TS3003d,C,TS3003d.C.dialog-act.vkaraisk.140,comment-about-understanding,ami_da_12,2560.67,2561.44,770.0,Okay .
TS3003d,C,TS3003d.C.dialog-act.vkaraisk.141,comment-about-understanding,ami_da_12,2577.85,2578.35,500.0,Okay .
TS3003d,D,TS3003d.D.dialog-act.vkaraisk.11,comment-about-understanding,ami_da_12,262.33,267.54,5210.0,Okay . Um Yeah .
TS3003d,D,TS3003d.D.dialog-act.vkaraisk.95,comment-about-understanding,ami_da_12,1526.461,1527.3,839.0,Yeah .
TS3003d,D,TS3003d.D.dialog-act.vkaraisk.101,comment-about-understanding,ami_da_12,1582.26,1583.39,1130.0,Five more minutes ?
TS3003d,D,TS3003d.D.dialog-act.vkaraisk.102,comment-about-understanding,ami_da_12,1585.68,1586.16,480.0,Okay .
TS3003d,D,TS3003d.D.dialog-act.vkaraisk.123,comment-about-understanding,ami_da_12,1677.99,1678.43,440.0,Okay .
TS3003d,D,TS3003d.D.dialog-act.vkaraisk.132,comment-about-understanding,ami_da_12,1711.02,1711.41,390.0,Seven ?
TS3003d,D,TS3003d.D.dialog-act.vkaraisk.145,comment-about-understanding,ami_da_12,1755.64,1756.0,360.0,Seven .
TS3003d,D,TS3003d.D.dialog-act.vkaraisk.225,comment-about-understanding,ami_da_12,2435.3,2435.57,270.0,'Kay .
TS3004a,A,TS3004a.A.dialog-act.vkaraisk.19,comment-about-understanding,ami_da_12,109.52,110.07,550.0,Okay .
TS3004a,A,TS3004a.A.dialog-act.vkaraisk.27,comment-about-understanding,ami_da_12,148.87,149.07,200.0,Ah
TS3004a,A,TS3004a.A.dialog-act.vkaraisk.40,comment-about-understanding,ami_da_12,172.99,173.82,830.0,okay .
TS3004a,A,TS3004a.A.dialog-act.vkaraisk.62,comment-about-understanding,ami_da_12,247.0,248.14,1140.0,"Folder , okay ."
TS3004a,A,TS3004a.A.dialog-act.vkaraisk.79,comment-about-understanding,ami_da_12,295.15,296.53,1380.0,Okay .
TS3004a,A,TS3004a.A.dialog-act.vkaraisk.130,comment-about-understanding,ami_da_12,432.02,433.94,1920.0,Okay . Okay okay . Okay .
TS3004a,A,TS3004a.A.dialog-act.vkaraisk.132,comment-about-understanding,ami_da_12,457.27,457.69,420.0,"Okay ,"
TS3004a,A,TS3004a.A.dialog-act.vkaraisk.155,comment-about-understanding,ami_da_12,607.78,608.08,300.0,okay .
TS3004a,A,TS3004a.A.dialog-act.vkaraisk.161,comment-about-understanding,ami_da_12,647.08,648.79,1710.0,"No , not yet , okay ."
TS3004a,A,TS3004a.A.dialog-act.vkaraisk.163,comment-about-understanding,ami_da_12,651.56,651.85,290.0,Sorry ?
TS3004a,A,TS3004a.A.dialog-act.vkaraisk.178,comment-about-understanding,ami_da_12,701.65,701.94,290.0,Okay .
TS3004a,A,TS3004a.A.dialog-act.vkaraisk.194,comment-about-understanding,ami_da_12,756.44,756.78,340.0,sorry .
TS3004a,A,TS3004a.A.dialog-act.vkaraisk.201,comment-about-understanding,ami_da_12,784.51,784.85,340.0,"Oh yeah ,"
TS3004a,A,TS3004a.A.dialog-act.vkaraisk.210,comment-about-understanding,ami_da_12,815.94,816.22,280.0,"Okay ,"
TS3004a,A,TS3004a.A.dialog-act.vkaraisk.231,comment-about-understanding,ami_da_12,947.24,951.35,4110.0,But you you you you think about uh uh one you can fold open .
TS3004a,A,TS3004a.A.dialog-act.vkaraisk.232,comment-about-understanding,ami_da_12,951.35,951.96,610.0,"Okay ,"
TS3004a,A,TS3004a.A.dialog-act.vkaraisk.239,comment-about-understanding,ami_da_12,987.23,987.53,300.0,Okay .
TS3004a,B,TS3004a.B.dialog-act.vkaraisk.31,comment-about-understanding,ami_da_12,576.79,577.13,340.0,A pig ?
TS3004a,B,TS3004a.B.dialog-act.vkaraisk.60,comment-about-understanding,ami_da_12,800.24,801.74,1500.0,Universal .
TS3004a,B,TS3004a.B.dialog-act.vkaraisk.65,comment-about-understanding,ami_da_12,834.67,835.06,390.0,Okay .
TS3004a,C,TS3004a.C.dialog-act.vkaraisk.6,comment-about-understanding,ami_da_12,37.088,37.81,722.0,Okay .
TS3004a,C,TS3004a.C.dialog-act.vkaraisk.41,comment-about-understanding,ami_da_12,827.45,827.86,410.0,okay .
TS3004a,D,TS3004a.D.dialog-act.vkaraisk.21,comment-about-understanding,ami_da_12,246.54,246.82,280.0,yes .
TS3004a,D,TS3004a.D.dialog-act.vkaraisk.37,comment-about-understanding,ami_da_12,429.93,430.66,730.0,"Yeah yeah ,"
TS3004a,D,TS3004a.D.dialog-act.vkaraisk.50,comment-about-understanding,ami_da_12,498.06,498.63,570.0,Okay .
TS3004a,D,TS3004a.D.dialog-act.vkaraisk.64,comment-about-understanding,ami_da_12,661.11,661.52,410.0,Oh .
TS3004a,D,TS3004a.D.dialog-act.vkaraisk.100,comment-about-understanding,ami_da_12,956.28,958.1,1820.0,Ah right right .
TS3004a,D,TS3004a.D.dialog-act.vkaraisk.101,comment-about-understanding,ami_da_12,965.69,965.95,260.0,Oh
TS3004a,D,TS3004a.D.dialog-act.vkaraisk.131,comment-about-understanding,ami_da_12,1096.25,1096.6,350.0,Oh yeah .
TS3004a,D,TS3004a.D.dialog-act.vkaraisk.137,comment-about-understanding,ami_da_12,1120.16,1120.45,290.0,"Yeah ,"
TS3004a,D,TS3004a.D.dialog-act.vkaraisk.152,comment-about-understanding,ami_da_12,1259.55,1261.84,2290.0,"Okay . Yeah ,"
TS3004a,D,TS3004a.D.dialog-act.vkaraisk.155,comment-about-understanding,ami_da_12,1273.54,1274.07,530.0,Okay .
TS3004b,A,TS3004b.A.dialog-act.vkaraisk.17,comment-about-understanding,ami_da_12,62.78,64.31,1530.0,W_O_ da . Okay .
TS3004b,A,TS3004b.A.dialog-act.vkaraisk.18,comment-about-understanding,ami_da_12,67.3,67.69,390.0,Okay .
TS3004b,A,TS3004b.A.dialog-act.vkaraisk.21,comment-about-understanding,ami_da_12,78.3,82.68,4380.0,Uh uh zee . Okay .
TS3004b,A,TS3004b.A.dialog-act.vkaraisk.26,comment-about-understanding,ami_da_12,92.84,93.29,450.0,"Okay ,"
TS3004b,A,TS3004b.A.dialog-act.vkaraisk.51,comment-about-understanding,ami_da_12,159.02,160.79,1770.0,Ah okay .
TS3004b,A,TS3004b.A.dialog-act.vkaraisk.123,comment-about-understanding,ami_da_12,701.88,702.16,280.0,Okay .
TS3004b,A,TS3004b.A.dialog-act.vkaraisk.151,comment-about-understanding,ami_da_12,933.27,933.58,310.0,Okay .
TS3004b,A,TS3004b.A.dialog-act.vkaraisk.162,comment-about-understanding,ami_da_12,1085.72,1086.79,1070.0,Yeah .
TS3004b,A,TS3004b.A.dialog-act.vkaraisk.183,comment-about-understanding,ami_da_12,1139.4,1139.68,280.0,Okay .
TS3004b,A,TS3004b.A.dialog-act.vkaraisk.208,comment-about-understanding,ami_da_12,1405.21,1406.6,1390.0,"Can you s just say it again ,"
TS3004b,A,TS3004b.A.dialog-act.vkaraisk.215,comment-about-understanding,ami_da_12,1461.43,1462.15,720.0,Okay . Yeah .
TS3004b,A,TS3004b.A.dialog-act.vkaraisk.218,comment-about-understanding,ami_da_12,1524.7,1525.23,530.0,Okay .
TS3004b,A,TS3004b.A.dialog-act.vkaraisk.220,comment-about-understanding,ami_da_12,1530.75,1531.36,610.0,"Yeah , okay ."
TS3004b,A,TS3004b.A.dialog-act.vkaraisk.248,comment-about-understanding,ami_da_12,1662.52,1662.83,310.0,Okay .
TS3004b,A,TS3004b.A.dialog-act.vkaraisk.333,comment-about-understanding,ami_da_12,2029.61,2029.79,180.0,"Yeah ,"
TS3004b,A,TS3004b.A.dialog-act.vkaraisk.347,comment-about-understanding,ami_da_12,2069.54,2070.25,710.0,Different colours .
TS3004b,B,TS3004b.B.dialog-act.vkaraisk.14,comment-about-understanding,ami_da_12,237.45,237.9,450.0,Okay .
TS3004b,B,TS3004b.B.dialog-act.vkaraisk.93,comment-about-understanding,ami_da_12,846.03,846.25,220.0,Oh .
TS3004b,B,TS3004b.B.dialog-act.vkaraisk.95,comment-about-understanding,ami_da_12,848.24,848.97,730.0,"Okay now ,"
TS3004b,B,TS3004b.B.dialog-act.vkaraisk.105,comment-about-understanding,ami_da_12,864.8,866.03,1230.0,Not anymore for T_V_ .
TS3004b,B,TS3004b.B.dialog-act.vkaraisk.146,comment-about-understanding,ami_da_12,1043.5,1045.49,1990.0,"Yeah , a mute button . Yes ."
TS3004b,B,TS3004b.B.dialog-act.vkaraisk.192,comment-about-understanding,ami_da_12,1298.71,1299.2,490.0,Oh .
TS3004b,B,TS3004b.B.dialog-act.vkaraisk.203,comment-about-understanding,ami_da_12,1347.9,1348.41,510.0,Okay .
TS3004b,B,TS3004b.B.dialog-act.vkaraisk.210,comment-about-understanding,ami_da_12,1396.19,1396.88,690.0,"Okay ,"
TS3004b,B,TS3004b.B.dialog-act.vkaraisk.250,comment-about-understanding,ami_da_12,1808.28,1808.53,250.0,"Okay ,"
TS3004b,B,TS3004b.B.dialog-act.vkaraisk.300,comment-about-understanding,ami_da_12,2032.69,2033.16,470.0,Okay .
TS3004b,B,TS3004b.B.dialog-act.vkaraisk.307,comment-about-understanding,ami_da_12,2046.82,2047.32,500.0,Okay yeah .
TS3004b,B,TS3004b.B.dialog-act.vkaraisk.333,comment-about-understanding,ami_da_12,2183.37,2183.83,460.0,Okay .
TS3004b,C,TS3004b.C.dialog-act.vkaraisk.2,comment-about-understanding,ami_da_12,87.41,87.73,320.0,What ?
TS3004b,C,TS3004b.C.dialog-act.vkaraisk.6,comment-about-understanding,ami_da_12,153.95,154.18,230.0,What ?
TS3004b,C,TS3004b.C.dialog-act.vkaraisk.20,comment-about-understanding,ami_da_12,797.8,798.2,400.0,"Yeah , okay ."
TS3004b,C,TS3004b.C.dialog-act.vkaraisk.23,comment-about-understanding,ami_da_12,826.65,827.0,350.0,Yeah okay .
TS3004b,C,TS3004b.C.dialog-act.vkaraisk.37,comment-about-understanding,ami_da_12,890.14,891.4,1260.0,"Oh , okay ."
TS3004b,C,TS3004b.C.dialog-act.vkaraisk.41,comment-about-understanding,ami_da_12,906.88,907.21,330.0,okay .
TS3004b,C,TS3004b.C.dialog-act.vkaraisk.46,comment-about-understanding,ami_da_12,955.85,957.56,1710.0,Oh okay . Yeah .
TS3004b,C,TS3004b.C.dialog-act.vkaraisk.49,comment-about-understanding,ami_da_12,972.34,972.82,480.0,Okay .
TS3004b,C,TS3004b.C.dialog-act.vkaraisk.99,comment-about-understanding,ami_da_12,1299.13,1300.36,1230.0,"Yeah , okay ."
TS3004b,C,TS3004b.C.dialog-act.vkaraisk.124,comment-about-understanding,ami_da_12,1372.12,1372.64,520.0,Okay .
TS3004b,C,TS3004b.C.dialog-act.vkaraisk.126,comment-about-understanding,ami_da_12,1388.99,1389.59,600.0,Ah okay .
TS3004b,C,TS3004b.C.dialog-act.vkaraisk.127,comment-about-understanding,ami_da_12,1392.39,1393.07,680.0,Okay .
TS3004b,C,TS3004b.C.dialog-act.vkaraisk.128,comment-about-understanding,ami_da_12,1396.16,1397.62,1460.0,"Okay , yeah ."
TS3004b,C,TS3004b.C.dialog-act.vkaraisk.156,comment-about-understanding,ami_da_12,1476.51,1479.9,3390.0,Um but I think I understand it .
TS3004b,C,TS3004b.C.dialog-act.vkaraisk.219,comment-about-understanding,ami_da_12,1807.24,1808.68,1440.0,Oh . Mm .
TS3004b,C,TS3004b.C.dialog-act.vkaraisk.236,comment-about-understanding,ami_da_12,1894.6,1895.9,1300.0,Yeah . Yeah okay .
TS3004b,C,TS3004b.C.dialog-act.vkaraisk.259,comment-about-understanding,ami_da_12,1990.58,1993.44,2860.0,"Hmm yeah , T_V_ one ."
TS3004b,C,TS3004b.C.dialog-act.vkaraisk.269,comment-about-understanding,ami_da_12,2125.72,2126.74,1020.0,Hmm . Okay .
TS3004b,D,TS3004b.D.dialog-act.vkaraisk.1,comment-about-understanding,ami_da_12,38.528,40.92,2392.0,Okay .
TS3004b,D,TS3004b.D.dialog-act.vkaraisk.8,comment-about-understanding,ami_da_12,102.72,103.62,900.0,Oh .
TS3004b,D,TS3004b.D.dialog-act.vkaraisk.23,comment-about-understanding,ami_da_12,287.91,288.51,600.0,"Oh okay ,"
TS3004b,D,TS3004b.D.dialog-act.vkaraisk.137,comment-about-understanding,ami_da_12,1135.09,1135.95,860.0,Okay .
TS3004b,D,TS3004b.D.dialog-act.vkaraisk.177,comment-about-understanding,ami_da_12,1605.63,1606.43,800.0,"Yeah , okay ."
TS3004b,D,TS3004b.D.dialog-act.vkaraisk.201,comment-about-understanding,ami_da_12,1805.152,1807.88,2728.0,Okay .
TS3004b,D,TS3004b.D.dialog-act.vkaraisk.243,comment-about-understanding,ami_da_12,1992.4,1992.66,260.0,"Okay ,"
TS3004c,A,TS3004c.A.dialog-act.vkaraisk.4,comment-about-understanding,ami_da_12,106.88,107.21,330.0,"Okay ,"
TS3004c,A,TS3004c.A.dialog-act.vkaraisk.55,comment-about-understanding,ami_da_12,531.7,532.36,660.0,Okay .
TS3004c,A,TS3004c.A.dialog-act.vkaraisk.81,comment-about-understanding,ami_da_12,795.42,795.62,200.0,Oh
TS3004c,A,TS3004c.A.dialog-act.vkaraisk.137,comment-about-understanding,ami_da_12,1285.24,1285.55,310.0,Okay .
TS3004c,A,TS3004c.A.dialog-act.vkaraisk.224,elicit-comment-understanding,ami_da_13,1669.58,1670.91,1330.0,You see what I mean ?
TS3004c,A,TS3004c.A.dialog-act.vkaraisk.350,comment-about-understanding,ami_da_12,2321.08,2321.67,590.0,Or keep that ?
TS3004c,B,TS3004c.B.dialog-act.vkaraisk.6,comment-about-understanding,ami_da_12,56.85,57.61,760.0,What ?
TS3004c,B,TS3004c.B.dialog-act.vkaraisk.63,comment-about-understanding,ami_da_12,611.29,613.056,1766.0,L_D_C_ doesn't require
TS3004c,B,TS3004c.B.dialog-act.vkaraisk.64,comment-about-understanding,ami_da_12,617.68,618.54,860.0,Okay .
TS3004c,B,TS3004c.B.dialog-act.vkaraisk.66,comment-about-understanding,ami_da_12,621.99,622.97,980.0,Advanced . Yeah .
TS3004c,B,TS3004c.B.dialog-act.vkaraisk.116,comment-about-understanding,ami_da_12,785.94,786.37,430.0,For volume ?
TS3004c,B,TS3004c.B.dialog-act.vkaraisk.125,comment-about-understanding,ami_da_12,816.68,817.32,640.0,They're on top ?
TS3004c,B,TS3004c.B.dialog-act.vkaraisk.127,comment-about-understanding,ami_da_12,831.04,831.69,650.0,Oh okay .
TS3004c,B,TS3004c.B.dialog-act.vkaraisk.174,comment-about-understanding,ami_da_12,1022.86,1023.38,520.0,Okay .
TS3004c,B,TS3004c.B.dialog-act.vkaraisk.176,comment-about-understanding,ami_da_12,1027.13,1027.61,480.0,Yeah okay .
TS3004c,B,TS3004c.B.dialog-act.vkaraisk.246,comment-about-understanding,ami_da_12,1369.98,1370.93,950.0,"Yeah , batteries ."
TS3004c,B,TS3004c.B.dialog-act.vkaraisk.251,comment-about-understanding,ami_da_12,1434.2,1435.54,1340.0,Mm . So
TS3004c,B,TS3004c.B.dialog-act.vkaraisk.259,comment-about-understanding,ami_da_12,1509.94,1510.49,550.0,"Yeah , okay ."
TS3004c,B,TS3004c.B.dialog-act.vkaraisk.281,comment-about-understanding,ami_da_12,1632.33,1632.61,280.0,"Okay ,"
TS3004c,B,TS3004c.B.dialog-act.vkaraisk.287,comment-about-understanding,ami_da_12,1647.94,1648.7,760.0,Just a bit
TS3004c,B,TS3004c.B.dialog-act.vkaraisk.299,comment-about-understanding,ami_da_12,1740.41,1741.38,970.0,"Numbers , okay ."
TS3004c,B,TS3004c.B.dialog-act.vkaraisk.356,comment-about-understanding,ami_da_12,2003.78,2004.23,450.0,"Yeah okay ,"
TS3004c,B,TS3004c.B.dialog-act.vkaraisk.358,comment-about-understanding,ami_da_12,2015.17,2015.7,530.0,"Yeah okay ,"
TS3004c,B,TS3004c.B.dialog-act.vkaraisk.388,comment-about-understanding,ami_da_12,2226.88,2227.81,930.0,"Yeah , idea ."
TS3004c,C,TS3004c.C.dialog-act.vkaraisk.21,comment-about-understanding,ami_da_12,532.27,532.58,310.0,Hmm .
TS3004c,C,TS3004c.C.dialog-act.vkaraisk.57,comment-about-understanding,ami_da_12,811.54,811.99,450.0,"Yeah okay ,"
TS3004c,C,TS3004c.C.dialog-act.vkaraisk.127,comment-about-understanding,ami_da_12,1166.12,1166.5,380.0,Okay .
TS3004c,C,TS3004c.C.dialog-act.vkaraisk.159,comment-about-understanding,ami_da_12,1264.58,1265.85,1270.0,Yeah okay .
TS3004c,C,TS3004c.C.dialog-act.vkaraisk.197,comment-about-understanding,ami_da_12,1371.7,1372.82,1120.0,Okay .
TS3004c,C,TS3004c.C.dialog-act.vkaraisk.199,comment-about-understanding,ami_da_12,1374.82,1375.97,1150.0,Okay .
TS3004c,C,TS3004c.C.dialog-act.vkaraisk.262,comment-about-understanding,ami_da_12,1627.99,1628.51,520.0,Okay .
TS3004c,C,TS3004c.C.dialog-act.vkaraisk.263,comment-about-understanding,ami_da_12,1632.8,1633.16,360.0,Yeah .
TS3004c,C,TS3004c.C.dialog-act.vkaraisk.264,comment-about-understanding,ami_da_12,1669.152,1673.68,4528.0,What ?
TS3004c,C,TS3004c.C.dialog-act.vkaraisk.265,comment-about-understanding,ami_da_12,1676.31,1678.71,2400.0,Oh . Okay .
TS3004c,C,TS3004c.C.dialog-act.vkaraisk.267,comment-about-understanding,ami_da_12,1698.69,1699.34,650.0,Okay .
TS3004c,C,TS3004c.C.dialog-act.vkaraisk.304,comment-about-understanding,ami_da_12,1938.5,1938.76,260.0,Hmm .
TS3004c,D,TS3004c.D.dialog-act.vkaraisk.54,comment-about-understanding,ami_da_12,406.36,406.81,450.0,Spongy .
TS3004c,D,TS3004c.D.dialog-act.vkaraisk.55,comment-about-understanding,ami_da_12,408.77,409.941,1171.0,Okay .
TS3004c,D,TS3004c.D.dialog-act.vkaraisk.60,comment-about-understanding,ami_da_12,426.95,428.5,1550.0,y Yeah .
TS3004c,D,TS3004c.D.dialog-act.vkaraisk.92,comment-about-understanding,ami_da_12,532.27,533.13,860.0,Okay .
TS3004c,D,TS3004c.D.dialog-act.vkaraisk.134,comment-about-understanding,ami_da_12,1392.58,1392.91,330.0,Ah
TS3004c,D,TS3004c.D.dialog-act.vkaraisk.221,comment-about-understanding,ami_da_12,2432.83,2433.3,470.0,Okay .
TS3004d,B,TS3004d.B.dialog-act.dharshi.100,comment-about-understanding,ami_da_12,574.05,574.94,890.0,Hmm ?
TS3004d,B,TS3004d.B.dialog-act.dharshi.101,comment-about-understanding,ami_da_12,574.94,575.52,580.0,What else ?
TS3004d,B,TS3004d.B.dialog-act.dharshi.141,comment-about-understanding,ami_da_12,992.54,992.73,190.0,Hmm ?
TS3004d,B,TS3004d.B.dialog-act.dharshi.216,comment-about-understanding,ami_da_12,1508.23,1509.88,1650.0,To call .
TS3004d,C,TS3004d.C.dialog-act.dharshi.59,comment-about-understanding,ami_da_12,474.408,475.72,1312.0,A second level ?
TS3004d,D,TS3004d.D.dialog-act.dharshi.127,comment-about-understanding,ami_da_12,1091.64,1092.25,610.0,Slide panel ?
TS3004d,D,TS3004d.D.dialog-act.dharshi.238,comment-about-understanding,ami_da_12,1856.65,1857.876,1226.0,Digital pen or
TS3005a,A,TS3005a.A.dialog-act.vkaraisk.106,elicit-comment-understanding,ami_da_13,364.37,367.26,2890.0,Um does everyone understand this
TS3005a,A,TS3005a.A.dialog-act.vkaraisk.107,elicit-comment-understanding,ami_da_13,368.45,369.58,1130.0,nice application ?
TS3005a,A,TS3005a.A.dialog-act.vkaraisk.154,comment-about-understanding,ami_da_12,681.37,681.9,530.0,"Okay ,"
TS3005a,A,TS3005a.A.dialog-act.vkaraisk.229,comment-about-understanding,ami_da_12,1182.51,1183.41,900.0,"Interface Designer , okay ,"
TS3005a,A,TS3005a.A.dialog-act.vkaraisk.233,comment-about-understanding,ami_da_12,1191.84,1193.48,1640.0,"Industrial Designer , okay ,"
TS3005a,A,TS3005a.A.dialog-act.vkaraisk.240,elicit-comment-understanding,ami_da_13,1219.58,1221.12,1540.0,Uh are there any more questions ?
TS3005a,B,TS3005a.B.dialog-act.vkaraisk.15,comment-about-understanding,ami_da_12,367.201,369.25,2049.0,So we can't erase anything .
TS3005a,B,TS3005a.B.dialog-act.vkaraisk.16,comment-about-understanding,ami_da_12,373.52,373.62,100.0,Right .
TS3005a,B,TS3005a.B.dialog-act.vkaraisk.17,comment-about-understanding,ami_da_12,377.44,377.76,320.0,Alright .
TS3005a,B,TS3005a.B.dialog-act.vkaraisk.25,comment-about-understanding,ami_da_12,453.424,455.008,1584.0,A beaver .
TS3005a,B,TS3005a.B.dialog-act.vkaraisk.139,comment-about-understanding,ami_da_12,1203.58,1206.95,3370.0,"I should look at uh what you should be able to do with the remote ,"
TS3005a,B,TS3005a.B.dialog-act.vkaraisk.141,comment-about-understanding,ami_da_12,1210.16,1212.09,1930.0,Right . Alright .
TS3005a,C,TS3005a.C.dialog-act.vkaraisk.13,comment-about-understanding,ami_da_12,368.12,368.31,190.0,Yeah .
TS3005a,C,TS3005a.C.dialog-act.vkaraisk.21,comment-about-understanding,ami_da_12,460.18,460.55,370.0,Mm .
TS3005a,C,TS3005a.C.dialog-act.vkaraisk.31,comment-about-understanding,ami_da_12,592.32,595.312,2992.0,Tall .
TS3005a,C,TS3005a.C.dialog-act.vkaraisk.37,comment-about-understanding,ami_da_12,681.41,681.73,320.0,Okay .
TS3005a,C,TS3005a.C.dialog-act.vkaraisk.92,comment-about-understanding,ami_da_12,977.54,978.6,1060.0,Yeah I I understand .
TS3005a,C,TS3005a.C.dialog-act.vkaraisk.138,comment-about-understanding,ami_da_12,1245.104,1248.23,3126.0,No problem . Okay .
TS3005a,D,TS3005a.D.dialog-act.vkaraisk.6,comment-about-understanding,ami_da_12,367.94,368.27,330.0,Mm-hmm .
TS3005a,D,TS3005a.D.dialog-act.vkaraisk.39,comment-about-understanding,ami_da_12,625.09,627.184,2094.0,A bunny rabbit .
TS3005b,A,TS3005b.A.dialog-act.vkaraisk.30,comment-about-understanding,ami_da_12,171.4,173.47,2070.0,"I_E_ E_I_E_ , okay ."
TS3005b,A,TS3005b.A.dialog-act.vkaraisk.41,comment-about-understanding,ami_da_12,595.92,596.32,400.0,"Okay ,"
TS3005b,A,TS3005b.A.dialog-act.vkaraisk.43,comment-about-understanding,ami_da_12,886.44,886.98,540.0,"Okay ,"
TS3005b,A,TS3005b.A.dialog-act.vkaraisk.48,comment-about-understanding,ami_da_12,897.63,898.49,860.0,No ?
TS3005b,A,TS3005b.A.dialog-act.vkaraisk.100,comment-about-understanding,ami_da_12,1380.08,1380.63,550.0,Mute button .
TS3005b,A,TS3005b.A.dialog-act.vkaraisk.110,comment-about-understanding,ami_da_12,1515.91,1516.29,380.0,Okay .
TS3005b,A,TS3005b.A.dialog-act.vkaraisk.136,comment-about-understanding,ami_da_12,1817.27,1817.5,230.0,"Okay ,"
TS3005b,A,TS3005b.A.dialog-act.vkaraisk.139,comment-about-understanding,ami_da_12,1851.84,1855.35,3510.0,so we only do this when we have enough money left .
TS3005b,A,TS3005b.A.dialog-act.vkaraisk.165,comment-about-understanding,ami_da_12,2145.79,2146.55,760.0,Channel settings .
TS3005b,A,TS3005b.A.dialog-act.vkaraisk.166,comment-about-understanding,ami_da_12,2147.7,2147.95,250.0,Okay .
TS3005b,A,TS3005b.A.dialog-act.vkaraisk.179,comment-about-understanding,ami_da_12,2201.71,2201.82,110.0,huh ?
TS3005b,A,TS3005b.A.dialog-act.vkaraisk.183,comment-about-understanding,ami_da_12,2215.02,2215.31,290.0,Okay .
TS3005b,A,TS3005b.A.dialog-act.vkaraisk.190,comment-about-understanding,ami_da_12,2264.09,2265.7,1610.0,Tap the thing . Okay .
TS3005b,B,TS3005b.B.dialog-act.vkaraisk.14,comment-about-understanding,ami_da_12,321.39,321.98,590.0,Oh right .
TS3005b,B,TS3005b.B.dialog-act.vkaraisk.75,comment-about-understanding,ami_da_12,886.71,887.921,1211.0,Oh right .
TS3005b,B,TS3005b.B.dialog-act.vkaraisk.83,comment-about-understanding,ami_da_12,974.63,979.28,4650.0,you said it should only uh work with one appliance ?
TS3005b,B,TS3005b.B.dialog-act.vkaraisk.84,comment-about-understanding,ami_da_12,979.28,981.18,1900.0,Or with one uh d che only the T_V_ ?
TS3005b,B,TS3005b.B.dialog-act.vkaraisk.86,comment-about-understanding,ami_da_12,986.46,988.879,2419.0,Oh . Alright . Okay .
TS3005b,B,TS3005b.B.dialog-act.vkaraisk.113,comment-about-understanding,ami_da_12,1189.07,1189.61,540.0,"Oh right ,"
TS3005b,B,TS3005b.B.dialog-act.vkaraisk.115,comment-about-understanding,ami_da_12,1191.65,1192.94,1290.0,"Oh , yeah alright ."
TS3005b,B,TS3005b.B.dialog-act.vkaraisk.118,comment-about-understanding,ami_da_12,1201.64,1202.68,1040.0,"Yeah alright , oh right ."
TS3005b,B,TS3005b.B.dialog-act.vkaraisk.131,comment-about-understanding,ami_da_12,1254.24,1254.45,210.0,"Oh ,"
TS3005b,B,TS3005b.B.dialog-act.vkaraisk.136,comment-about-understanding,ami_da_12,1275.27,1276.82,1550.0,Yeah . Alright .
TS3005b,B,TS3005b.B.dialog-act.vkaraisk.155,comment-about-understanding,ami_da_12,1349.24,1349.9,660.0,"Oh , alright ,"
TS3005b,B,TS3005b.B.dialog-act.vkaraisk.231,comment-about-understanding,ami_da_12,1704.13,1704.93,800.0,"Oh ,"
TS3005b,B,TS3005b.B.dialog-act.vkaraisk.245,comment-about-understanding,ami_da_12,1766.9,1767.08,180.0,Uh .
TS3005b,B,TS3005b.B.dialog-act.vkaraisk.282,comment-about-understanding,ami_da_12,1910.91,1912.69,1780.0,"but yeah , the shortcut ,"
TS3005b,B,TS3005b.B.dialog-act.vkaraisk.310,comment-about-understanding,ami_da_12,2023.84,2024.67,830.0,yeah .
TS3005b,B,TS3005b.B.dialog-act.vkaraisk.315,comment-about-understanding,ami_da_12,2031.77,2033.97,2200.0,so we should also implement se screen settings .
TS3005b,B,TS3005b.B.dialog-act.vkaraisk.316,comment-about-understanding,ami_da_12,2035.64,2036.06,420.0,Oh right .
TS3005b,B,TS3005b.B.dialog-act.vkaraisk.318,comment-about-understanding,ami_da_12,2040.28,2040.96,680.0,"Yeah ,"
TS3005b,B,TS3005b.B.dialog-act.vkaraisk.321,comment-about-understanding,ami_da_12,2043.89,2044.88,990.0,"so the first you see the main ,"
TS3005b,B,TS3005b.B.dialog-act.vkaraisk.359,comment-about-understanding,ami_da_12,2202.2,2202.45,250.0,right ?
TS3005b,B,TS3005b.B.dialog-act.vkaraisk.362,comment-about-understanding,ami_da_12,2205.81,2206.71,900.0,"No , alright ."
TS3005b,B,TS3005b.B.dialog-act.vkaraisk.376,comment-about-understanding,ami_da_12,2253.64,2253.87,230.0,yeah .
TS3005b,B,TS3005b.B.dialog-act.vkaraisk.400,comment-about-understanding,ami_da_12,2339.17,2339.77,600.0,Oh right .
TS3005b,B,TS3005b.B.dialog-act.vkaraisk.406,comment-about-understanding,ami_da_12,2386.99,2387.48,490.0,Alright .
TS3005b,C,TS3005b.C.dialog-act.vkaraisk.8,comment-about-understanding,ami_da_12,163.79,164.03,240.0,Huh ?
TS3005b,C,TS3005b.C.dialog-act.vkaraisk.30,comment-about-understanding,ami_da_12,249.15,250.01,860.0,Okay .
TS3005b,C,TS3005b.C.dialog-act.vkaraisk.74,comment-about-understanding,ami_da_12,596.23,597.424,1194.0,Okay .
TS3005b,C,TS3005b.C.dialog-act.vkaraisk.82,comment-about-understanding,ami_da_12,835.83,836.08,250.0,Okay .
TS3005b,C,TS3005b.C.dialog-act.vkaraisk.85,comment-about-understanding,ami_da_12,886.2,887.92,1720.0,Okay .
TS3005b,C,TS3005b.C.dialog-act.vkaraisk.98,comment-about-understanding,ami_da_12,1018.47,1019.91,1440.0,I understand what you mean . Yeah .
TS3005b,C,TS3005b.C.dialog-act.vkaraisk.141,comment-about-understanding,ami_da_12,1216.5,1217.42,920.0,Twelve fifty .
TS3005b,C,TS3005b.C.dialog-act.vkaraisk.229,comment-about-understanding,ami_da_12,1653.94,1654.9,960.0,Speech recognition ?
TS3005b,C,TS3005b.C.dialog-act.vkaraisk.279,comment-about-understanding,ami_da_12,1905.08,1905.81,730.0,Uh yeah .
TS3005b,C,TS3005b.C.dialog-act.vkaraisk.289,comment-about-understanding,ami_da_12,1933.79,1936.65,2860.0,Not directly uh available .
TS3005b,C,TS3005b.C.dialog-act.vkaraisk.290,comment-about-understanding,ami_da_12,1936.65,1937.14,490.0,Okay .
TS3005b,C,TS3005b.C.dialog-act.vkaraisk.314,comment-about-understanding,ami_da_12,2113.05,2114.4,1350.0,"make it available in different colours , you mean ?"
TS3005b,C,TS3005b.C.dialog-act.vkaraisk.338,comment-about-understanding,ami_da_12,2354.672,2356.704,2032.0,"Oh , okay"
TS3005b,C,TS3005b.C.dialog-act.vkaraisk.339,comment-about-understanding,ami_da_12,2364.02,2364.15,130.0,Oh .
TS3005b,C,TS3005b.C.dialog-act.vkaraisk.341,comment-about-understanding,ami_da_12,2393.6,2395.32,1720.0,Okay .
TS3005b,D,TS3005b.D.dialog-act.vkaraisk.13,comment-about-understanding,ami_da_12,322.912,326.048,3136.0,Animation .
TS3005b,D,TS3005b.D.dialog-act.vkaraisk.97,comment-about-understanding,ami_da_12,995.31,995.93,620.0,no ?
TS3005b,D,TS3005b.D.dialog-act.vkaraisk.116,comment-about-understanding,ami_da_12,1067.97,1068.74,770.0,"Forties , okay"
TS3005b,D,TS3005b.D.dialog-act.vkaraisk.201,comment-about-understanding,ami_da_12,1399.03,1399.2,170.0,Sorry ?
TS3005b,D,TS3005b.D.dialog-act.vkaraisk.269,comment-about-understanding,ami_da_12,1638.15,1638.53,380.0,Okay .
TS3005b,D,TS3005b.D.dialog-act.vkaraisk.327,comment-about-understanding,ami_da_12,1899.96,1900.24,280.0,Curved ?
TS3005b,D,TS3005b.D.dialog-act.vkaraisk.387,comment-about-understanding,ami_da_12,2083.38,2084.64,1260.0,Colours . Yeah .
TS3005b,D,TS3005b.D.dialog-act.vkaraisk.397,comment-about-understanding,ami_da_12,2123.44,2125.64,2200.0,see through version . Yeah .
TS3005c,A,TS3005c.A.dialog-act.vkaraisk.26,comment-about-understanding,ami_da_12,674.31,674.85,540.0,"Okay ,"
TS3005c,A,TS3005c.A.dialog-act.vkaraisk.34,comment-about-understanding,ami_da_12,1046.07,1046.2,130.0,Oh
TS3005c,A,TS3005c.A.dialog-act.vkaraisk.93,comment-about-understanding,ami_da_12,1668.38,1668.72,340.0,Mm-hmm .
TS3005c,B,TS3005c.B.dialog-act.vkaraisk.16,comment-about-understanding,ami_da_12,673.55,673.87,320.0,Alright .
TS3005c,B,TS3005c.B.dialog-act.vkaraisk.95,elicit-comment-understanding,ami_da_13,1124.11,1125.56,1450.0,Do you know what I mean ?
TS3005c,B,TS3005c.B.dialog-act.vkaraisk.185,comment-about-understanding,ami_da_12,1645.51,1647.31,1800.0,this in different colours ?
TS3005c,B,TS3005c.B.dialog-act.vkaraisk.248,comment-about-understanding,ami_da_12,1915.54,1915.68,140.0,Yeah
TS3005c,B,TS3005c.B.dialog-act.vkaraisk.286,comment-about-understanding,ami_da_12,2067.09,2067.89,800.0,Yeah .
TS3005c,C,TS3005c.C.dialog-act.vkaraisk.94,comment-about-understanding,ami_da_12,583.6,584.46,860.0,Okay .
TS3005c,C,TS3005c.C.dialog-act.vkaraisk.100,comment-about-understanding,ami_da_12,598.89,599.37,480.0,Okay
TS3005c,C,TS3005c.C.dialog-act.vkaraisk.102,comment-about-understanding,ami_da_12,603.8,604.59,790.0,Okay okay .
TS3005c,C,TS3005c.C.dialog-act.vkaraisk.133,comment-about-understanding,ami_da_12,809.86,810.1,240.0,Ah .
TS3005c,C,TS3005c.C.dialog-act.vkaraisk.136,comment-about-understanding,ami_da_12,839.44,839.96,520.0,"Oh okay ,"
TS3005c,C,TS3005c.C.dialog-act.vkaraisk.138,comment-about-understanding,ami_da_12,860.75,861.6,850.0,"Oh yeah , ."
TS3005c,C,TS3005c.C.dialog-act.vkaraisk.140,comment-about-understanding,ami_da_12,892.34,892.89,550.0,Okay .
TS3005c,C,TS3005c.C.dialog-act.vkaraisk.143,comment-about-understanding,ami_da_12,988.08,989.8,1720.0,Fruity ?
TS3005c,C,TS3005c.C.dialog-act.vkaraisk.155,comment-about-understanding,ami_da_12,1124.7,1125.44,740.0,"Yeah I know what you mean ,"
TS3005c,C,TS3005c.C.dialog-act.vkaraisk.159,comment-about-understanding,ami_da_12,1145.89,1146.47,580.0,I know what you mean .
TS3005c,C,TS3005c.C.dialog-act.vkaraisk.174,comment-about-understanding,ami_da_12,1226.5,1227.01,510.0,Soft rubber .
TS3005c,C,TS3005c.C.dialog-act.vkaraisk.176,comment-about-understanding,ami_da_12,1231.01,1232.85,1840.0,Yeah I know what you Um .
TS3005c,C,TS3005c.C.dialog-act.vkaraisk.206,comment-about-understanding,ami_da_12,1365.55,1366.7,1150.0,Yeah you don't want it too small .
TS3005c,C,TS3005c.C.dialog-act.vkaraisk.212,comment-about-understanding,ami_da_12,1381.92,1383.14,1220.0,"Zoom opt Ah yeah of course ,"
TS3005c,C,TS3005c.C.dialog-act.vkaraisk.230,comment-about-understanding,ami_da_12,1501.88,1503.552,1672.0,The chip on print ? Um
TS3005c,C,TS3005c.C.dialog-act.vkaraisk.238,comment-about-understanding,ami_da_12,1527.22,1527.65,430.0,Beg your pardon ?
TS3005c,C,TS3005c.C.dialog-act.vkaraisk.287,comment-about-understanding,ami_da_12,1778.48,1779.936,1456.0,Sorry ?
TS3005c,C,TS3005c.C.dialog-act.vkaraisk.294,comment-about-understanding,ami_da_12,1811.852,1813.29,1438.0,"Oh , okay ."
TS3005c,C,TS3005c.C.dialog-act.vkaraisk.330,comment-about-understanding,ami_da_12,2042.1,2043.32,1220.0,"Ah okay , sure , okay ,"
TS3005c,C,TS3005c.C.dialog-act.vkaraisk.373,comment-about-understanding,ami_da_12,2238.79,2239.82,1030.0,Black ?
TS3005c,C,TS3005c.C.dialog-act.vkaraisk.388,elicit-comment-understanding,ami_da_13,2295.58,2297.68,2100.0,You understand ?
TS3005c,D,TS3005c.D.dialog-act.vkaraisk.8,comment-about-understanding,ami_da_12,448.35,448.42,70.0,Oh
TS3005c,D,TS3005c.D.dialog-act.vkaraisk.20,comment-about-understanding,ami_da_12,800.26,800.61,350.0,Okay .
TS3005c,D,TS3005c.D.dialog-act.vkaraisk.27,comment-about-understanding,ami_da_12,936.03,936.37,340.0,'Kay .
TS3005c,D,TS3005c.D.dialog-act.vkaraisk.58,comment-about-understanding,ami_da_12,1065.9,1067.15,1250.0,"Different colours , yeah ."
TS3005c,D,TS3005c.D.dialog-act.vkaraisk.79,comment-about-understanding,ami_da_12,1195.72,1197.4,1680.0,Sorry ?
TS3005c,D,TS3005c.D.dialog-act.vkaraisk.207,comment-about-understanding,ami_da_12,1756.81,1757.15,340.0,"Yeah ,"
TS3005c,D,TS3005c.D.dialog-act.vkaraisk.227,comment-about-understanding,ami_da_12,1874.44,1874.84,400.0,Yeah
TS3005c,D,TS3005c.D.dialog-act.vkaraisk.240,comment-about-understanding,ami_da_12,1924.53,1924.86,330.0,"Yeah ,"
TS3005c,D,TS3005c.D.dialog-act.vkaraisk.316,comment-about-understanding,ami_da_12,2296.72,2297.29,570.0,"Yeah , I understand ."
TS3005d,A,TS3005d.A.dialog-act.vkaraisk.13,comment-about-understanding,ami_da_12,42.07,42.35,280.0,Oh
TS3005d,A,TS3005d.A.dialog-act.vkaraisk.46,comment-about-understanding,ami_da_12,261.27,261.63,360.0,okay .
TS3005d,A,TS3005d.A.dialog-act.vkaraisk.51,comment-about-understanding,ami_da_12,366.36,368.16,1800.0,"Logo , okay ."
TS3005d,A,TS3005d.A.dialog-act.vkaraisk.66,comment-about-understanding,ami_da_12,556.25,556.64,390.0,Okay .
TS3005d,A,TS3005d.A.dialog-act.vkaraisk.105,comment-about-understanding,ami_da_12,757.62,758.7,1080.0,"A two , okay ,"
TS3005d,A,TS3005d.A.dialog-act.vkaraisk.128,comment-about-understanding,ami_da_12,867.32,869.327,2007.0,I see . Uh
TS3005d,A,TS3005d.A.dialog-act.vkaraisk.154,comment-about-understanding,ami_da_12,929.07,929.41,340.0,"Oh ,"
TS3005d,A,TS3005d.A.dialog-act.vkaraisk.188,comment-about-understanding,ami_da_12,1055.29,1059.323,4033.0,Two . Uh-huh .
TS3005d,A,TS3005d.A.dialog-act.vkaraisk.202,comment-about-understanding,ami_da_12,1143.15,1144.82,1670.0,"three , yeah ."
TS3005d,A,TS3005d.A.dialog-act.vkaraisk.288,comment-about-understanding,ami_da_12,1590.44,1590.8,360.0,"Yeah ,"
TS3005d,A,TS3005d.A.dialog-act.vkaraisk.326,comment-about-understanding,ami_da_12,1861.92,1862.38,460.0,Hmm ?
TS3005d,A,TS3005d.A.dialog-act.vkaraisk.335,comment-about-understanding,ami_da_12,1895.61,1896.45,840.0,It didn't work .
TS3005d,A,TS3005d.A.dialog-act.vkaraisk.337,comment-about-understanding,ami_da_12,1905.08,1906.318,1238.0,"Oh , you can arrange"
TS3005d,A,TS3005d.A.dialog-act.vkaraisk.350,comment-about-understanding,ami_da_12,1948.5,1948.85,350.0,Oh .
TS3005d,A,TS3005d.A.dialog-act.vkaraisk.351,comment-about-understanding,ami_da_12,1949.944,1950.65,706.0,Yeah .
TS3005d,A,TS3005d.A.dialog-act.vkaraisk.455,comment-about-understanding,ami_da_12,2405.65,2405.91,260.0,Okay .
TS3005d,A,TS3005d.A.dialog-act.vkaraisk.507,comment-about-understanding,ami_da_12,2548.81,2549.71,900.0,How big ? Uh
TS3005d,B,TS3005d.B.dialog-act.vkaraisk.13,comment-about-understanding,ami_da_12,35.82,36.05,230.0,Oh
TS3005d,B,TS3005d.B.dialog-act.vkaraisk.16,comment-about-understanding,ami_da_12,40.58,40.93,350.0,Oh .
TS3005d,B,TS3005d.B.dialog-act.vkaraisk.89,comment-about-understanding,ami_da_12,375.1,376.19,1090.0,Yeah .
TS3005d,B,TS3005d.B.dialog-act.vkaraisk.91,comment-about-understanding,ami_da_12,380.92,382.36,1440.0,"Oh full screen , yeah ."
TS3005d,B,TS3005d.B.dialog-act.vkaraisk.134,comment-about-understanding,ami_da_12,592.22,592.44,220.0,Huh ?
TS3005d,B,TS3005d.B.dialog-act.vkaraisk.205,comment-about-understanding,ami_da_12,854.926,858.07,3144.0,Three ?
TS3005d,B,TS3005d.B.dialog-act.vkaraisk.206,comment-about-understanding,ami_da_12,860.25,860.53,280.0,Oh .
TS3005d,B,TS3005d.B.dialog-act.vkaraisk.208,comment-about-understanding,ami_da_12,863.21,863.9,690.0,Oh .
TS3005d,B,TS3005d.B.dialog-act.vkaraisk.236,comment-about-understanding,ami_da_12,934.11,936.93,2820.0,What ?
TS3005d,B,TS3005d.B.dialog-act.vkaraisk.250,comment-about-understanding,ami_da_12,973.63,974.36,730.0,Two .
TS3005d,B,TS3005d.B.dialog-act.vkaraisk.255,comment-about-understanding,ami_da_12,982.14,983.04,900.0,So it's a two .
TS3005d,B,TS3005d.B.dialog-act.vkaraisk.261,comment-about-understanding,ami_da_12,995.24,997.0,1760.0,Hard to lose . Oh right .
TS3005d,B,TS3005d.B.dialog-act.vkaraisk.262,comment-about-understanding,ami_da_12,998.42,1000.0,1580.0,"It is hard to lose . Yeah ,"
TS3005d,B,TS3005d.B.dialog-act.vkaraisk.267,comment-about-understanding,ami_da_12,1012.57,1012.74,170.0,Oh .
TS3005d,B,TS3005d.B.dialog-act.vkaraisk.281,comment-about-understanding,ami_da_12,1062.14,1063.22,1080.0,Younger people .
TS3005d,B,TS3005d.B.dialog-act.vkaraisk.338,comment-about-understanding,ami_da_12,1256.42,1257.25,830.0,"A fly , yeah ."
TS3005d,B,TS3005d.B.dialog-act.vkaraisk.393,comment-about-understanding,ami_da_12,1454.2,1454.93,730.0,"Oh yeah , right ,"
TS3005d,B,TS3005d.B.dialog-act.vkaraisk.435,comment-about-understanding,ami_da_12,1548.94,1549.71,770.0,No ?
TS3005d,B,TS3005d.B.dialog-act.vkaraisk.449,comment-about-understanding,ami_da_12,1580.296,1581.544,1248.0,Yeah .
TS3005d,B,TS3005d.B.dialog-act.vkaraisk.484,comment-about-understanding,ami_da_12,1708.97,1709.52,550.0,What do you mean ?
TS3005d,B,TS3005d.B.dialog-act.vkaraisk.485,comment-about-understanding,ami_da_12,1720.19,1720.87,680.0,Oh .
TS3005d,B,TS3005d.B.dialog-act.vkaraisk.491,comment-about-understanding,ami_da_12,1738.05,1739.64,1590.0,"Oh right , yeah ."
TS3005d,B,TS3005d.B.dialog-act.vkaraisk.498,comment-about-understanding,ami_da_12,1749.06,1750.24,1180.0,"Oh right , yeah ."
TS3005d,B,TS3005d.B.dialog-act.vkaraisk.500,comment-about-understanding,ami_da_12,1751.71,1752.07,360.0,Yeah .
TS3005d,B,TS3005d.B.dialog-act.vkaraisk.591,comment-about-understanding,ami_da_12,2073.79,2075.175,1385.0,Oh right .
TS3005d,B,TS3005d.B.dialog-act.vkaraisk.658,comment-about-understanding,ami_da_12,2298.004,2299.16,1156.0,Oh
TS3005d,B,TS3005d.B.dialog-act.vkaraisk.701,comment-about-understanding,ami_da_12,2439.88,2440.95,1070.0,You did ?
TS3005d,B,TS3005d.B.dialog-act.vkaraisk.703,comment-about-understanding,ami_da_12,2453.42,2454.94,1520.0,"Oh , right ."
TS3005d,B,TS3005d.B.dialog-act.vkaraisk.724,comment-about-understanding,ami_da_12,2531.87,2532.13,260.0,Yeah .
TS3005d,B,TS3005d.B.dialog-act.vkaraisk.738,comment-about-understanding,ami_da_12,2587.67,2587.84,170.0,Oh .
TS3005d,B,TS3005d.B.dialog-act.vkaraisk.739,comment-about-understanding,ami_da_12,2589.77,2590.32,550.0,"Oh , alright ."
TS3005d,B,TS3005d.B.dialog-act.vkaraisk.747,comment-about-understanding,ami_da_12,2617.09,2617.87,780.0,"Yeah , alright ."
TS3005d,C,TS3005d.C.dialog-act.vkaraisk.16,comment-about-understanding,ami_da_12,45.47,45.56,90.0,"Oh ,"
TS3005d,C,TS3005d.C.dialog-act.vkaraisk.32,elicit-comment-understanding,ami_da_13,152.5,152.96,460.0,Okay ?
TS3005d,C,TS3005d.C.dialog-act.vkaraisk.65,comment-about-understanding,ami_da_12,264.16,264.76,600.0,"A sign , yeah ,"
TS3005d,C,TS3005d.C.dialog-act.vkaraisk.86,comment-about-understanding,ami_da_12,375.14,377.464,2324.0,Alright .
TS3005d,C,TS3005d.C.dialog-act.vkaraisk.131,comment-about-understanding,ami_da_12,623.28,623.69,410.0,"No , okay ,"
TS3005d,C,TS3005d.C.dialog-act.vkaraisk.153,comment-about-understanding,ami_da_12,729.39,730.18,790.0,A three ?
TS3005d,C,TS3005d.C.dialog-act.vkaraisk.204,comment-about-understanding,ami_da_12,955.21,955.97,760.0,"Hard to lose ,"
TS3005d,C,TS3005d.C.dialog-act.vkaraisk.215,comment-about-understanding,ami_da_12,1012.72,1012.94,220.0,Uh .
TS3005d,C,TS3005d.C.dialog-act.vkaraisk.248,comment-about-understanding,ami_da_12,1212.02,1212.46,440.0,okay .
TS3005d,C,TS3005d.C.dialog-act.vkaraisk.252,comment-about-understanding,ami_da_12,1222.172,1223.3,1128.0,A two .
TS3005d,C,TS3005d.C.dialog-act.vkaraisk.255,comment-about-understanding,ami_da_12,1241.55,1242.868,1318.0,The average .
TS3005d,C,TS3005d.C.dialog-act.vkaraisk.271,comment-about-understanding,ami_da_12,1377.52,1378.62,1100.0,Oh okay .
TS3005d,C,TS3005d.C.dialog-act.vkaraisk.290,comment-about-understanding,ami_da_12,1443.52,1443.7,180.0,Huh ?
TS3005d,C,TS3005d.C.dialog-act.vkaraisk.300,comment-about-understanding,ami_da_12,1475.48,1476.01,530.0,Okay .
TS3005d,C,TS3005d.C.dialog-act.vkaraisk.319,comment-about-understanding,ami_da_12,1538.81,1538.89,80.0,"Oh ,"
TS3005d,C,TS3005d.C.dialog-act.vkaraisk.338,comment-about-understanding,ami_da_12,1606.02,1606.38,360.0,What ?
TS3005d,C,TS3005d.C.dialog-act.vkaraisk.346,comment-about-understanding,ami_da_12,1632.02,1632.64,620.0,A colour .
TS3005d,C,TS3005d.C.dialog-act.vkaraisk.362,comment-about-understanding,ami_da_12,1708.07,1709.9,1830.0,How d uh uh how many colours ?
TS3005d,C,TS3005d.C.dialog-act.vkaraisk.376,comment-about-understanding,ami_da_12,1801.08,1802.54,1460.0,Uh . Huh .
TS3005d,C,TS3005d.C.dialog-act.vkaraisk.387,comment-about-understanding,ami_da_12,1864.4,1867.4,3000.0,Ah okay .
TS3005d,C,TS3005d.C.dialog-act.vkaraisk.388,comment-about-understanding,ami_da_12,1868.61,1869.51,900.0,Ah okay .
TS3005d,C,TS3005d.C.dialog-act.vkaraisk.397,comment-about-understanding,ami_da_12,1907.22,1907.51,290.0,Oh .
TS3005d,C,TS3005d.C.dialog-act.vkaraisk.398,comment-about-understanding,ami_da_12,1910.86,1912.25,1390.0,"Uh ,"
TS3005d,C,TS3005d.C.dialog-act.vkaraisk.426,comment-about-understanding,ami_da_12,2103.47,2104.03,560.0,Yeah .
TS3005d,C,TS3005d.C.dialog-act.vkaraisk.438,comment-about-understanding,ami_da_12,2159.79,2160.09,300.0,Alright .
TS3005d,C,TS3005d.C.dialog-act.vkaraisk.507,comment-about-understanding,ami_da_12,2532.04,2532.39,350.0,Okay .
TS3005d,C,TS3005d.C.dialog-act.vkaraisk.516,comment-about-understanding,ami_da_12,2549.08,2549.27,190.0,Huh ?
TS3005d,C,TS3005d.C.dialog-act.vkaraisk.530,comment-about-understanding,ami_da_12,2621.56,2621.73,170.0,Alright .
TS3005d,D,TS3005d.D.dialog-act.vkaraisk.10,comment-about-understanding,ami_da_12,158.34,158.85,510.0,Oh okay .
TS3005d,D,TS3005d.D.dialog-act.vkaraisk.12,comment-about-understanding,ami_da_12,170.24,170.61,370.0,Mm-hmm .
TS3005d,D,TS3005d.D.dialog-act.vkaraisk.13,comment-about-understanding,ami_da_12,174.51,175.9,1390.0,"Yeah , okay . Of course ."
TS3005d,D,TS3005d.D.dialog-act.vkaraisk.62,comment-about-understanding,ami_da_12,589.69,590.0,310.0,A two ?
TS3005d,D,TS3005d.D.dialog-act.vkaraisk.104,comment-about-understanding,ami_da_12,754.57,755.56,990.0,"Okay , then okay , good ."
TS3005d,D,TS3005d.D.dialog-act.vkaraisk.119,comment-about-understanding,ami_da_12,824.358,826.75,2392.0,"If you read the manual ,"
TS3005d,D,TS3005d.D.dialog-act.vkaraisk.127,comment-about-understanding,ami_da_12,875.77,876.02,250.0,"No ,"
TS3005d,D,TS3005d.D.dialog-act.vkaraisk.131,comment-about-understanding,ami_da_12,882.04,882.35,310.0,Oh yeah .
TS3005d,D,TS3005d.D.dialog-act.vkaraisk.140,comment-about-understanding,ami_da_12,915.94,916.61,670.0,"Yeah , okay ."
TS3005d,D,TS3005d.D.dialog-act.vkaraisk.142,comment-about-understanding,ami_da_12,922.65,923.62,970.0,That's a one ?
TS3005d,D,TS3005d.D.dialog-act.vkaraisk.163,comment-about-understanding,ami_da_12,1012.9,1013.65,750.0,Yeah ?
TS3005d,D,TS3005d.D.dialog-act.vkaraisk.164,comment-about-understanding,ami_da_12,1013.65,1014.24,590.0,"Oh , okay ."
TS3005d,D,TS3005d.D.dialog-act.vkaraisk.166,comment-about-understanding,ami_da_12,1019.562,1021.36,1798.0,Okay okay okay .
TS3005d,D,TS3005d.D.dialog-act.vkaraisk.256,comment-about-understanding,ami_da_12,1368.15,1368.86,710.0,Count it ?
TS3005d,D,TS3005d.D.dialog-act.vkaraisk.259,comment-about-understanding,ami_da_12,1378.84,1380.7,1860.0,"Ah , okay , cool ."
TS3005d,D,TS3005d.D.dialog-act.vkaraisk.273,comment-about-understanding,ami_da_12,1421.68,1422.21,530.0,Single .
TS3005d,D,TS3005d.D.dialog-act.vkaraisk.276,elicit-comment-understanding,ami_da_13,1431.14,1431.94,800.0,right .
TS3005d,D,TS3005d.D.dialog-act.vkaraisk.283,elicit-comment-understanding,ami_da_13,1441.94,1442.51,570.0,right ?
TS3005d,D,TS3005d.D.dialog-act.vkaraisk.284,comment-about-understanding,ami_da_12,1442.51,1445.24,2730.0,"Oh , okay I understand , I understand ."
TS3005d,D,TS3005d.D.dialog-act.vkaraisk.301,comment-about-understanding,ami_da_12,1527.44,1528.27,830.0,Okay .
TS3005d,D,TS3005d.D.dialog-act.vkaraisk.334,comment-about-understanding,ami_da_12,1621.74,1621.99,250.0,Huh ?
TS3005d,D,TS3005d.D.dialog-act.vkaraisk.363,comment-about-understanding,ami_da_12,1720.17,1720.74,570.0,Ah okay .
TS3005d,D,TS3005d.D.dialog-act.vkaraisk.459,comment-about-understanding,ami_da_12,2300.72,2300.86,140.0,Wha
TS3005d,D,TS3005d.D.dialog-act.vkaraisk.460,comment-about-understanding,ami_da_12,2302.66,2302.99,330.0,"Oh right ,"
TS3006a,A,TS3006a.A.dialog-act.vkaraisk.38,elicit-comment-understanding,ami_da_13,224.31,224.49,180.0,Okay ?
TS3006a,A,TS3006a.A.dialog-act.vkaraisk.49,comment-about-understanding,ami_da_12,271.86,275.03,3170.0,Oh yeah . Oh yeah
TS3006a,A,TS3006a.A.dialog-act.vkaraisk.51,comment-about-understanding,ami_da_12,275.63,277.106,1476.0,Uh-huh .
TS3006a,A,TS3006a.A.dialog-act.vkaraisk.64,comment-about-understanding,ami_da_12,311.99,313.74,1750.0,A giraffe okay .
TS3006a,A,TS3006a.A.dialog-act.vkaraisk.105,comment-about-understanding,ami_da_12,497.44,498.93,1490.0,Okay .
TS3006a,A,TS3006a.A.dialog-act.vkaraisk.107,comment-about-understanding,ami_da_12,502.95,504.06,1110.0,The next
TS3006a,A,TS3006a.A.dialog-act.vkaraisk.120,comment-about-understanding,ami_da_12,570.35,570.94,590.0,yeah .
TS3006a,A,TS3006a.A.dialog-act.vkaraisk.123,comment-about-understanding,ami_da_12,584.43,584.84,410.0,Okay .
TS3006a,A,TS3006a.A.dialog-act.vkaraisk.148,comment-about-understanding,ami_da_12,676.8,677.97,1170.0,Okay .
TS3006a,A,TS3006a.A.dialog-act.vkaraisk.180,comment-about-understanding,ami_da_12,890.05,891.28,1230.0,Okay .
TS3006a,A,TS3006a.A.dialog-act.vkaraisk.184,comment-about-understanding,ami_da_12,901.79,902.38,590.0,No okay .
TS3006a,A,TS3006a.A.dialog-act.vkaraisk.227,comment-about-understanding,ami_da_12,1089.29,1090.42,1130.0,Yeah I understand .
TS3006a,B,TS3006a.B.dialog-act.vkaraisk.10,comment-about-understanding,ami_da_12,110.99,111.12,130.0,Hmm ?
TS3006a,B,TS3006a.B.dialog-act.vkaraisk.22,comment-about-understanding,ami_da_12,273.056,275.9,2844.0,Okay .
TS3006a,B,TS3006a.B.dialog-act.vkaraisk.38,comment-about-understanding,ami_da_12,332.82,334.21,1390.0,The next ?
TS3006a,B,TS3006a.B.dialog-act.vkaraisk.44,comment-about-understanding,ami_da_12,394.3,395.36,1060.0,'Cause it's so
TS3006a,B,TS3006a.B.dialog-act.vkaraisk.66,comment-about-understanding,ami_da_12,790.38,790.94,560.0,"Okay , yeah ."
TS3006a,B,TS3006a.B.dialog-act.vkaraisk.84,comment-about-understanding,ami_da_12,1002.22,1002.64,420.0,Okay .
TS3006a,B,TS3006a.B.dialog-act.vkaraisk.86,comment-about-understanding,ami_da_12,1011.03,1012.086,1056.0,Okay .
TS3006a,C,TS3006a.C.dialog-act.vkaraisk.2,comment-about-understanding,ami_da_12,93.86,94.84,980.0,"Oh yeah ,"
TS3006a,C,TS3006a.C.dialog-act.vkaraisk.14,comment-about-understanding,ami_da_12,258.33,258.87,540.0,Oh okay .
TS3006a,C,TS3006a.C.dialog-act.vkaraisk.21,comment-about-understanding,ami_da_12,356.65,357.17,520.0,Alright .
TS3006a,C,TS3006a.C.dialog-act.vkaraisk.39,comment-about-understanding,ami_da_12,484.29,484.62,330.0,Alright .
TS3006a,C,TS3006a.C.dialog-act.vkaraisk.70,comment-about-understanding,ami_da_12,592.37,593.38,1010.0,Alright .
TS3006a,C,TS3006a.C.dialog-act.vkaraisk.95,comment-about-understanding,ami_da_12,767.14,768.08,940.0,Alright .
TS3006a,C,TS3006a.C.dialog-act.vkaraisk.110,comment-about-understanding,ami_da_12,970.63,971.25,620.0,alright .
TS3006a,C,TS3006a.C.dialog-act.vkaraisk.111,comment-about-understanding,ami_da_12,1001.02,1001.68,660.0,Alright .
TS3006a,C,TS3006a.C.dialog-act.vkaraisk.112,comment-about-understanding,ami_da_12,1012.23,1013.06,830.0,Alright .
TS3006a,C,TS3006a.C.dialog-act.vkaraisk.128,comment-about-understanding,ami_da_12,1122.84,1124.02,1180.0,"Yeah I I know what you mean ,"
TS3006a,C,TS3006a.C.dialog-act.vkaraisk.141,comment-about-understanding,ami_da_12,1179.87,1181.35,1480.0,I understand . Yeah .
TS3006a,D,TS3006a.D.dialog-act.vkaraisk.24,comment-about-understanding,ami_da_12,217.4,218.74,1340.0,Draw . Alright .
TS3006a,D,TS3006a.D.dialog-act.vkaraisk.25,comment-about-understanding,ami_da_12,223.84,224.11,270.0,'Kay .
TS3006a,D,TS3006a.D.dialog-act.vkaraisk.32,comment-about-understanding,ami_da_12,295.68,296.69,1010.0,"Okay ,"
TS3006a,D,TS3006a.D.dialog-act.vkaraisk.45,comment-about-understanding,ami_da_12,375.541,377.67,2129.0,I see .
TS3006a,D,TS3006a.D.dialog-act.vkaraisk.72,elicit-comment-understanding,ami_da_13,468.2,469.64,1440.0,No . Oh okay .
TS3006a,D,TS3006a.D.dialog-act.vkaraisk.75,comment-about-understanding,ami_da_12,471.76,472.09,330.0,Yeah ?
TS3006a,D,TS3006a.D.dialog-act.vkaraisk.76,comment-about-understanding,ami_da_12,473.92,474.67,750.0,Alright .
TS3006a,D,TS3006a.D.dialog-act.vkaraisk.96,comment-about-understanding,ami_da_12,652.7,653.33,630.0,Okay .
TS3006a,D,TS3006a.D.dialog-act.vkaraisk.138,comment-about-understanding,ami_da_12,1000.49,1001.08,590.0,Alright .
TS3006a,D,TS3006a.D.dialog-act.vkaraisk.139,comment-about-understanding,ami_da_12,1005.42,1005.74,320.0,'Kay .
TS3006a,D,TS3006a.D.dialog-act.vkaraisk.142,comment-about-understanding,ami_da_12,1010.5,1011.43,930.0,The pro okay .
TS3006b,A,TS3006b.A.dialog-act.dharshi.232,comment-about-understanding,ami_da_12,1491.01,1491.89,880.0,Treble bass .
TS3006b,B,TS3006b.B.dialog-act.dharshi.37,comment-about-understanding,ami_da_12,545.03,545.74,710.0,F_ five .
TS3006b,D,TS3006b.D.dialog-act.dharshi.7,comment-about-understanding,ami_da_12,67.96,69.05,1090.0,Mm ?
TS3006b,D,TS3006b.D.dialog-act.dharshi.19,comment-about-understanding,ami_da_12,119.21,120.82,1610.0,What ?
TS3006b,D,TS3006b.D.dialog-act.dharshi.372,comment-about-understanding,ami_da_12,1966.2,1966.97,770.0,menu okay .
TS3006c,A,TS3006c.A.dialog-act.dharshi.6,comment-about-understanding,ami_da_12,95.66,96.15,490.0,Mm ?
TS3006c,B,TS3006c.B.dialog-act.dharshi.65,comment-about-understanding,ami_da_12,817.06,817.28,220.0,What ?
TS3006c,C,TS3006c.C.dialog-act.dharshi.291,comment-about-understanding,ami_da_12,2094.93,2095.61,680.0,Huh ?
TS3006c,C,TS3006c.C.dialog-act.dharshi.309,comment-about-understanding,ami_da_12,2165.28,2165.87,590.0,Excuse me ?
TS3006d,B,TS3006d.B.dialog-act.dharshi.231,comment-about-understanding,ami_da_12,2196.49,2196.63,140.0,Hmm ?
TS3006d,D,TS3006d.D.dialog-act.dharshi.228,comment-about-understanding,ami_da_12,1143.92,1144.18,260.0,Huh ?
TS3006d,D,TS3006d.D.dialog-act.dharshi.280,comment-about-understanding,ami_da_12,1289.43,1290.02,590.0,Hmm ?
TS3006d,D,TS3006d.D.dialog-act.dharshi.513,comment-about-understanding,ami_da_12,2335.66,2336.4,740.0,Hmm ?
TS3006d,D,TS3006d.D.dialog-act.dharshi.572,comment-about-understanding,ami_da_12,2629.75,2631.05,1300.0,Uh Yeah ?
TS3007a,A,TS3007a.A.dialog-act.vkaraisk.38,comment-about-understanding,ami_da_12,150.76,151.94,1180.0,"User interface , okay ."
TS3007a,A,TS3007a.A.dialog-act.vkaraisk.39,comment-about-understanding,ami_da_12,156.48,157.79,1310.0,"Industrial , yes ."
TS3007a,A,TS3007a.A.dialog-act.vkaraisk.40,comment-about-understanding,ami_da_12,162.28,162.72,440.0,"Okay ,"
TS3007a,A,TS3007a.A.dialog-act.vkaraisk.106,comment-about-understanding,ami_da_12,383.536,384.73,1194.0,"Okay , okay ."
TS3007a,A,TS3007a.A.dialog-act.vkaraisk.165,comment-about-understanding,ami_da_12,576.74,577.7,960.0,"Save it , okay ."
TS3007a,A,TS3007a.A.dialog-act.vkaraisk.172,comment-about-understanding,ami_da_12,692.03,692.86,830.0,It is a turtle .
TS3007a,A,TS3007a.A.dialog-act.vkaraisk.191,comment-about-understanding,ami_da_12,782.21,783.07,860.0,Okay .
TS3007a,A,TS3007a.A.dialog-act.vkaraisk.194,comment-about-understanding,ami_da_12,785.88,787.35,1470.0,Had a dog ?
TS3007a,A,TS3007a.A.dialog-act.vkaraisk.196,comment-about-understanding,ami_da_12,791.35,791.75,400.0,Ah .
TS3007a,A,TS3007a.A.dialog-act.vkaraisk.215,comment-about-understanding,ami_da_12,897.53,899.552,2022.0,Better to draw with a with
TS3007a,A,TS3007a.A.dialog-act.vkaraisk.222,comment-about-understanding,ami_da_12,922.14,923.17,1030.0,"Okay , then yeah ."
TS3007a,A,TS3007a.A.dialog-act.vkaraisk.256,comment-about-understanding,ami_da_12,1086.96,1087.69,730.0,Okay .
TS3007a,A,TS3007a.A.dialog-act.vkaraisk.268,comment-about-understanding,ami_da_12,1140.33,1142.05,1720.0,"Oh , that pen drawings ."
TS3007a,A,TS3007a.A.dialog-act.vkaraisk.284,comment-about-understanding,ami_da_12,1251.29,1251.74,450.0,"Yeah ,"
TS3007a,A,TS3007a.A.dialog-act.vkaraisk.298,comment-about-understanding,ami_da_12,1320.72,1323.38,2660.0,Yeah okay . Yeah . Okay .
TS3007a,A,TS3007a.A.dialog-act.vkaraisk.310,comment-about-understanding,ami_da_12,1373.26,1374.54,1280.0,Okay .
TS3007a,B,TS3007a.B.dialog-act.vkaraisk.26,comment-about-understanding,ami_da_12,654.57,655.08,510.0,Oh .
TS3007a,B,TS3007a.B.dialog-act.vkaraisk.30,comment-about-understanding,ami_da_12,671.79,673.696,1906.0,A dog ?
TS3007a,B,TS3007a.B.dialog-act.vkaraisk.31,comment-about-understanding,ami_da_12,688.76,689.0,240.0,Huh ?
TS3007a,B,TS3007a.B.dialog-act.vkaraisk.32,comment-about-understanding,ami_da_12,690.63,690.84,210.0,"Oh ,"
TS3007a,B,TS3007a.B.dialog-act.vkaraisk.91,comment-about-understanding,ami_da_12,1148.43,1149.31,880.0,"Oh , only in Word ,"
TS3007a,B,TS3007a.B.dialog-act.vkaraisk.92,comment-about-understanding,ami_da_12,1149.31,1149.67,360.0,okay .
TS3007a,B,TS3007a.B.dialog-act.vkaraisk.106,comment-about-understanding,ami_da_12,1394.69,1395.69,1000.0,Ah okay .
TS3007a,B,TS3007a.B.dialog-act.vkaraisk.112,comment-about-understanding,ami_da_12,1460.43,1460.96,530.0,Okay .
TS3007a,C,TS3007a.C.dialog-act.vkaraisk.22,comment-about-understanding,ami_da_12,654.53,655.6,1070.0,"Oh , okay ."
TS3007a,C,TS3007a.C.dialog-act.vkaraisk.23,comment-about-understanding,ami_da_12,656.469,657.87,1401.0,"Oh , yeah , sure ."
TS3007a,D,TS3007a.D.dialog-act.vkaraisk.3,comment-about-understanding,ami_da_12,55.46,56.38,920.0,By Big Brother ?
TS3007a,D,TS3007a.D.dialog-act.vkaraisk.4,comment-about-understanding,ami_da_12,57.62,58.02,400.0,Okay .
TS3007a,D,TS3007a.D.dialog-act.vkaraisk.7,comment-about-understanding,ami_da_12,67.3,67.95,650.0,Okay .
TS3007a,D,TS3007a.D.dialog-act.vkaraisk.22,comment-about-understanding,ami_da_12,366.21,366.66,450.0,okay .
TS3007a,D,TS3007a.D.dialog-act.vkaraisk.23,comment-about-understanding,ami_da_12,373.97,376.432,2462.0,Okay .
TS3007a,D,TS3007a.D.dialog-act.vkaraisk.40,comment-about-understanding,ami_da_12,517.2,517.47,270.0,Ah .
TS3007a,D,TS3007a.D.dialog-act.vkaraisk.44,comment-about-understanding,ami_da_12,551.48,552.48,1000.0,Okay .
TS3007a,D,TS3007a.D.dialog-act.vkaraisk.56,comment-about-understanding,ami_da_12,613.44,613.77,330.0,Okay .
TS3007a,D,TS3007a.D.dialog-act.vkaraisk.59,comment-about-understanding,ami_da_12,625.41,626.79,1380.0,Smart board ?
TS3007a,D,TS3007a.D.dialog-act.vkaraisk.60,comment-about-understanding,ami_da_12,626.79,628.04,1250.0,Okay .
TS3007a,D,TS3007a.D.dialog-act.vkaraisk.62,comment-about-understanding,ami_da_12,638.1,638.46,360.0,Okay .
TS3007a,D,TS3007a.D.dialog-act.vkaraisk.63,comment-about-understanding,ami_da_12,639.54,639.97,430.0,"Okay ,"
TS3007a,D,TS3007a.D.dialog-act.vkaraisk.74,comment-about-understanding,ami_da_12,702.48,702.78,300.0,Uh ?
TS3007a,D,TS3007a.D.dialog-act.vkaraisk.110,comment-about-understanding,ami_da_12,904.84,906.12,1280.0,"Oh , okay ."
TS3007a,D,TS3007a.D.dialog-act.vkaraisk.119,comment-about-understanding,ami_da_12,952.47,952.75,280.0,Okay .
TS3007a,D,TS3007a.D.dialog-act.vkaraisk.131,comment-about-understanding,ami_da_12,1128.47,1128.8,330.0,Okay .
TS3007a,D,TS3007a.D.dialog-act.vkaraisk.137,comment-about-understanding,ami_da_12,1175.25,1175.91,660.0,Five minutes ?
TS3007a,D,TS3007a.D.dialog-act.vkaraisk.138,comment-about-understanding,ami_da_12,1175.91,1176.38,470.0,"Okay ,"
TS3007b,A,TS3007b.A.dialog-act.vkaraisk.41,comment-about-understanding,ami_da_12,182.93,183.16,230.0,Yeah ?
TS3007b,A,TS3007b.A.dialog-act.vkaraisk.48,comment-about-understanding,ami_da_12,462.88,463.57,690.0,"Yeah , okay ."
TS3007b,A,TS3007b.A.dialog-act.vkaraisk.56,comment-about-understanding,ami_da_12,996.38,996.63,250.0,"Okay ,"
TS3007b,A,TS3007b.A.dialog-act.vkaraisk.58,comment-about-understanding,ami_da_12,998.32,999.17,850.0,You do ?
TS3007b,A,TS3007b.A.dialog-act.vkaraisk.84,comment-about-understanding,ami_da_12,1754.63,1755.89,1260.0,"Okay , yeah ."
TS3007b,A,TS3007b.A.dialog-act.vkaraisk.168,comment-about-understanding,ami_da_12,2379.63,2381.99,2360.0,Oh . Forty five ?
TS3007b,B,TS3007b.B.dialog-act.vkaraisk.8,comment-about-understanding,ami_da_12,996.23,996.59,360.0,Okay .
TS3007b,B,TS3007b.B.dialog-act.vkaraisk.11,comment-about-understanding,ami_da_12,1000.08,1002.14,2060.0,Last presentation . Okay .
TS3007b,B,TS3007b.B.dialog-act.vkaraisk.31,elicit-comment-understanding,ami_da_13,1100.59,1104.05,3460.0,of course I I hope this is all clear to you .
TS3007b,B,TS3007b.B.dialog-act.vkaraisk.132,comment-about-understanding,ami_da_12,1612.82,1613.28,460.0,Okay .
TS3007b,B,TS3007b.B.dialog-act.vkaraisk.152,comment-about-understanding,ami_da_12,1746.8,1747.98,1180.0,"Oh , something like that ."
TS3007b,B,TS3007b.B.dialog-act.vkaraisk.205,comment-about-understanding,ami_da_12,2148.4,2149.79,1390.0,"Firmware update , you say ."
TS3007b,B,TS3007b.B.dialog-act.vkaraisk.220,comment-about-understanding,ami_da_12,2206.42,2208.0,1580.0,Receiving . Oh yeah .
TS3007b,B,TS3007b.B.dialog-act.vkaraisk.232,comment-about-understanding,ami_da_12,2269.94,2270.32,380.0,Okay .
TS3007b,B,TS3007b.B.dialog-act.vkaraisk.237,comment-about-understanding,ami_da_12,2292.76,2293.28,520.0,Opens up
TS3007b,B,TS3007b.B.dialog-act.vkaraisk.240,comment-about-understanding,ami_da_12,2301.58,2302.771,1191.0,"Break it , I don't get"
TS3007b,B,TS3007b.B.dialog-act.vkaraisk.241,comment-about-understanding,ami_da_12,2309.01,2310.33,1320.0,Oh so Yeah .
TS3007b,B,TS3007b.B.dialog-act.vkaraisk.244,comment-about-understanding,ami_da_12,2379.17,2379.56,390.0,Okay .
TS3007b,B,TS3007b.B.dialog-act.vkaraisk.259,comment-about-understanding,ami_da_12,2446.96,2447.63,670.0,It's connected ?
TS3007b,C,TS3007b.C.dialog-act.vkaraisk.8,comment-about-understanding,ami_da_12,566.88,567.6,720.0,"Ah okay ,"
TS3007b,C,TS3007b.C.dialog-act.vkaraisk.219,comment-about-understanding,ami_da_12,2068.31,2070.134,1824.0,"Oh , okay , yeah , sure , uh"
TS3007b,C,TS3007b.C.dialog-act.vkaraisk.220,comment-about-understanding,ami_da_12,2071.4,2072.06,660.0,Yeah yeah yeah .
TS3007b,C,TS3007b.C.dialog-act.vkaraisk.221,comment-about-understanding,ami_da_12,2074.56,2075.39,830.0,"Oh , yeah yeah ,"
TS3007b,D,TS3007b.D.dialog-act.vkaraisk.82,elicit-comment-understanding,ami_da_13,600.32,600.46,140.0,Yeah ?
TS3007b,D,TS3007b.D.dialog-act.vkaraisk.110,comment-about-understanding,ami_da_12,1224.69,1225.65,960.0,"Yeah , this ?"
TS3007b,D,TS3007b.D.dialog-act.vkaraisk.111,comment-about-understanding,ami_da_12,1225.65,1226.13,480.0,No ?
TS3007b,D,TS3007b.D.dialog-act.vkaraisk.142,comment-about-understanding,ami_da_12,1550.16,1550.63,470.0,Ah okay .
TS3007b,D,TS3007b.D.dialog-act.vkaraisk.217,comment-about-understanding,ami_da_12,2143.68,2144.45,770.0,New remote ?
TS3007b,D,TS3007b.D.dialog-act.vkaraisk.220,comment-about-understanding,ami_da_12,2151.56,2151.81,250.0,Ah .
TS3007b,D,TS3007b.D.dialog-act.vkaraisk.241,comment-about-understanding,ami_da_12,2295.08,2296.29,1210.0,"Uh too difficult ,"
TS3007b,D,TS3007b.D.dialog-act.vkaraisk.248,comment-about-understanding,ami_da_12,2333.86,2334.77,910.0,Thirty minutes ?
TS3007b,D,TS3007b.D.dialog-act.vkaraisk.252,comment-about-understanding,ami_da_12,2375.76,2376.82,1060.0,Thirty minutes lunch break ?
TS3007b,D,TS3007b.D.dialog-act.vkaraisk.266,comment-about-understanding,ami_da_12,2422.83,2423.87,1040.0,"Huh , image ?"
TS3007b,D,TS3007b.D.dialog-act.vkaraisk.268,comment-about-understanding,ami_da_12,2443.2,2443.37,170.0,No ?
TS3007b,D,TS3007b.D.dialog-act.vkaraisk.271,comment-about-understanding,ami_da_12,2455.81,2456.512,702.0,Oh .
TS3007c,A,TS3007c.A.dialog-act.dharshi.252,comment-about-understanding,ami_da_12,2321.64,2323.47,1830.0,The master class ?
TS3007c,D,TS3007c.D.dialog-act.dharshi.67,comment-about-understanding,ami_da_12,721.19,721.34,150.0,Hmm ?
TS3007d,A,TS3007d.A.dialog-act.dharshi.225,comment-about-understanding,ami_da_12,1427.98,1428.26,280.0,Sorry ?
TS3007d,A,TS3007d.A.dialog-act.dharshi.371,comment-about-understanding,ami_da_12,2163.63,2163.8,170.0,Hmm ?
TS3007d,A,TS3007d.A.dialog-act.dharshi.372,comment-about-understanding,ami_da_12,2164.87,2165.14,270.0,Sorry ?
TS3007d,A,TS3007d.A.dialog-act.dharshi.473,comment-about-understanding,ami_da_12,2554.4,2554.55,150.0,Hmm ?
TS3007d,A,TS3007d.A.dialog-act.dharshi.490,comment-about-understanding,ami_da_12,2613.84,2615.83,1990.0,Real Real Reaction .
TS3007d,B,TS3007d.B.dialog-act.dharshi.174,comment-about-understanding,ami_da_12,1106.99,1107.16,170.0,Hmm ?
TS3008a,D,TS3008a.D.dialog-act.dharshi.6,comment-about-understanding,ami_da_12,105.86,106.02,160.0,What ?
TS3008b,A,TS3008b.A.dialog-act.dharshi.102,comment-about-understanding,ami_da_12,945.5,945.86,360.0,Sorry ?
TS3008b,D,TS3008b.D.dialog-act.dharshi.153,comment-about-understanding,ami_da_12,1659.76,1660.31,550.0,A face ?
TS3008c,D,TS3008c.D.dialog-act.dharshi.40,comment-about-understanding,ami_da_12,808.57,808.82,250.0,Sorry ?
TS3008c,D,TS3008c.D.dialog-act.dharshi.233,comment-about-understanding,ami_da_12,1731.74,1732.78,1040.0,What ?
TS3008c,D,TS3008c.D.dialog-act.dharshi.254,comment-about-understanding,ami_da_12,1920.66,1920.86,200.0,What ?
TS3008d,A,TS3008d.A.dialog-act.dharshi.396,comment-about-understanding,ami_da_12,2140.43,2140.63,200.0,Sorry ?
TS3008d,C,TS3008d.C.dialog-act.dharshi.218,comment-about-understanding,ami_da_12,1789.38,1790.66,1280.0,Classic ?
TS3008d,C,TS3008d.C.dialog-act.dharshi.219,comment-about-understanding,ami_da_12,1790.66,1791.45,790.0,"Oh , plastic ."
TS3008d,D,TS3008d.D.dialog-act.dharshi.130,comment-about-understanding,ami_da_12,950.09,950.23,140.0,What ?
TS3009a,A,TS3009a.A.dialog-act.s9553330.94,comment-about-understanding,ami_da_12,370.23,370.45,220.0,Hmm ?
TS3009a,A,TS3009a.A.dialog-act.s9553330.99,comment-about-understanding,ami_da_12,382.34,382.53,190.0,what ?
TS3009a,A,TS3009a.A.dialog-act.s9553330.125,comment-about-understanding,ami_da_12,473.072,473.072,0.0,
TS3009a,A,TS3009a.A.dialog-act.s9553330.171,comment-about-understanding,ami_da_12,624.74,625.97,1230.0,Width width .
TS3009a,A,TS3009a.A.dialog-act.s9553330.181,comment-about-understanding,ami_da_12,656.288,663.99,7702.0,What ?
TS3009a,A,TS3009a.A.dialog-act.s9553330.324,comment-about-understanding,ami_da_12,1450.59,1452.06,1470.0,Euro ?
TS3009a,B,TS3009a.B.dialog-act.s9553330.106,comment-about-understanding,ami_da_12,1455.04,1456.01,970.0,Oh oh right
TS3009a,B,TS3009a.B.dialog-act.s9553330.115,comment-about-understanding,ami_da_12,1469.06,1469.73,670.0,Thirty minutes .
TS3009a,C,TS3009a.C.dialog-act.s9553330.20,comment-about-understanding,ami_da_12,378.29,380.22,1930.0,I I I I understand .
TS3009a,C,TS3009a.C.dialog-act.s9553330.21,comment-about-understanding,ami_da_12,380.22,380.82,600.0,Alright .
TS3009a,C,TS3009a.C.dialog-act.s9553330.28,comment-about-understanding,ami_da_12,418.13,418.39,260.0,Oh .
TS3009a,C,TS3009a.C.dialog-act.s9553330.29,comment-about-understanding,ami_da_12,419.78,420.43,650.0,Oh I know it .
TS3009a,C,TS3009a.C.dialog-act.s9553330.106,comment-about-understanding,ami_da_12,991.0,992.18,1180.0,Oval ?
TS3009a,C,TS3009a.C.dialog-act.s9553330.130,comment-about-understanding,ami_da_12,1114.38,1115.26,880.0,Yeah yeah al alright
TS3009a,C,TS3009a.C.dialog-act.s9553330.135,comment-about-understanding,ami_da_12,1126.23,1127.08,850.0,"Yeah yeah I understand ,"
TS3009a,D,TS3009a.D.dialog-act.s9553330.30,comment-about-understanding,ami_da_12,424.59,427.248,2658.0,A hedgehog ?
TS3009b,A,TS3009b.A.dialog-act.s9553330.8,comment-about-understanding,ami_da_12,88.08,90.01,1930.0,Ah F_ five .
TS3009b,A,TS3009b.A.dialog-act.s9553330.85,comment-about-understanding,ami_da_12,395.63,396.25,620.0,Oh you have to start ?
TS3009b,A,TS3009b.A.dialog-act.s9553330.107,comment-about-understanding,ami_da_12,663.72,664.53,810.0,Yes okay .
TS3009b,A,TS3009b.A.dialog-act.s9553330.170,comment-about-understanding,ami_da_12,1210.41,1213.7,3290.0,Well we understand .
TS3009b,A,TS3009b.A.dialog-act.s9553330.171,comment-about-understanding,ami_da_12,1213.7,1215.04,1340.0,We understand .
TS3009b,A,TS3009b.A.dialog-act.s9553330.184,comment-about-understanding,ami_da_12,1257.71,1258.18,470.0,Oh yeah ?
TS3009b,A,TS3009b.A.dialog-act.s9553330.185,comment-about-understanding,ami_da_12,1259.59,1259.8,210.0,Uh ?
TS3009b,A,TS3009b.A.dialog-act.s9553330.275,comment-about-understanding,ami_da_12,1815.04,1815.55,510.0,Width .
TS3009b,A,TS3009b.A.dialog-act.s9553330.300,comment-about-understanding,ami_da_12,1917.56,1917.8,240.0,Yes .
TS3009b,A,TS3009b.A.dialog-act.s9553330.376,comment-about-understanding,ami_da_12,2240.64,2241.16,520.0,Those two ?
TS3009b,B,TS3009b.B.dialog-act.s9553330.55,comment-about-understanding,ami_da_12,1137.02,1137.18,160.0,Hmm ?
TS3009b,B,TS3009b.B.dialog-act.s9553330.168,comment-about-understanding,ami_da_12,1852.39,1854.65,2260.0,At the bottom ?
TS3009b,C,TS3009b.C.dialog-act.s9553330.34,comment-about-understanding,ami_da_12,640.11,641.1,990.0,"Oh , alright ."
TS3009b,C,TS3009b.C.dialog-act.s9553330.61,comment-about-understanding,ami_da_12,862.49,863.69,1200.0,F_ F_ five .
TS3009b,C,TS3009b.C.dialog-act.s9553330.95,elicit-comment-understanding,ami_da_13,971.53,973.43,1900.0,So well you understand .
TS3009b,C,TS3009b.C.dialog-act.s9553330.161,comment-about-understanding,ami_da_12,1470.57,1471.65,1080.0,The younger uh
TS3009b,C,TS3009b.C.dialog-act.s9553330.186,comment-about-understanding,ami_da_12,1711.79,1712.0,210.0,Huh ?
TS3009b,C,TS3009b.C.dialog-act.s9553330.255,comment-about-understanding,ami_da_12,2154.24,2154.79,550.0,"Oh , like that ."
TS3009b,C,TS3009b.C.dialog-act.s9553330.287,comment-about-understanding,ami_da_12,2372.94,2374.36,1420.0,Yeah to uh oh yeah of course
TS3009b,C,TS3009b.C.dialog-act.s9553330.301,comment-about-understanding,ami_da_12,2409.18,2409.87,690.0,"Oh Menu , alright ."
TS3009b,D,TS3009b.D.dialog-act.s9553330.144,comment-about-understanding,ami_da_12,1103.72,1104.72,1000.0,"Yeah , right . Right ."
TS3009b,D,TS3009b.D.dialog-act.s9553330.164,comment-about-understanding,ami_da_12,1214.02,1214.83,810.0,"Yeah , it's clear ."
TS3009b,D,TS3009b.D.dialog-act.s9553330.168,comment-about-understanding,ami_da_12,1238.77,1239.4,630.0,Yeah right .
TS3009b,D,TS3009b.D.dialog-act.s9553330.173,comment-about-understanding,ami_da_12,1287.74,1288.8,1060.0,"Alright , okay ."
TS3009b,D,TS3009b.D.dialog-act.s9553330.210,elicit-comment-understanding,ami_da_13,1532.7,1533.33,630.0,You see ?
TS3009b,D,TS3009b.D.dialog-act.s9553330.212,comment-about-understanding,ami_da_12,1539.13,1540.26,1130.0,The concurrent ?
TS3009b,D,TS3009b.D.dialog-act.s9553330.213,comment-about-understanding,ami_da_12,1540.26,1542.42,2160.0,"Competitors , right ."
TS3009b,D,TS3009b.D.dialog-act.s9553330.216,comment-about-understanding,ami_da_12,1555.27,1556.42,1150.0,Right . Right .
TS3009b,D,TS3009b.D.dialog-act.s9553330.237,comment-about-understanding,ami_da_12,1671.93,1673.37,1440.0,"Yeah , I understand what you're saying ."
TS3009b,D,TS3009b.D.dialog-act.s9553330.330,comment-about-understanding,ami_da_12,2206.39,2206.67,280.0,Right .
TS3009b,D,TS3009b.D.dialog-act.s9553330.356,comment-about-understanding,ami_da_12,2436.48,2438.45,1970.0,Ah . Okay .
TS3009c,A,TS3009c.A.dialog-act.s9553330.108,comment-about-understanding,ami_da_12,721.33,722.15,820.0,Double curved ?
TS3009c,A,TS3009c.A.dialog-act.s9553330.112,comment-about-understanding,ami_da_12,772.18,774.9,2720.0,This soft material thing from uh Yeah .
TS3009c,A,TS3009c.A.dialog-act.s9553330.122,comment-about-understanding,ami_da_12,872.66,874.5,1840.0,Yes . I understand .
TS3009c,A,TS3009c.A.dialog-act.s9553330.311,comment-about-understanding,ami_da_12,1910.65,1910.98,330.0,Heh ?
TS3009c,A,TS3009c.A.dialog-act.s9553330.348,comment-about-understanding,ami_da_12,2142.52,2142.8,280.0,No ?
TS3009c,A,TS3009c.A.dialog-act.s9553330.360,comment-about-understanding,ami_da_12,2189.7,2190.958,1258.0,What ?
TS3009c,A,TS3009c.A.dialog-act.s9553330.362,comment-about-understanding,ami_da_12,2196.33,2197.42,1090.0,"Oh , yeah ."
TS3009c,A,TS3009c.A.dialog-act.s9553330.376,comment-about-understanding,ami_da_12,2250.71,2254.369,3659.0,"Oh , we have a one ."
TS3009c,B,TS3009c.B.dialog-act.s9553330.59,comment-about-understanding,ami_da_12,944.5,945.08,580.0,Hmm ?
TS3009c,B,TS3009c.B.dialog-act.s9553330.78,comment-about-understanding,ami_da_12,1068.61,1068.8,190.0,Hmm ?
TS3009c,B,TS3009c.B.dialog-act.s9553330.82,comment-about-understanding,ami_da_12,1091.17,1092.15,980.0,Ah right .
TS3009c,B,TS3009c.B.dialog-act.s9553330.122,comment-about-understanding,ami_da_12,1244.83,1245.73,900.0,Too expensive ?
TS3009c,B,TS3009c.B.dialog-act.s9553330.131,comment-about-understanding,ami_da_12,1354.52,1355.21,690.0,Ah right .
TS3009c,B,TS3009c.B.dialog-act.s9553330.184,comment-about-understanding,ami_da_12,1683.04,1684.81,1770.0,"Yeah , right"
TS3009c,B,TS3009c.B.dialog-act.s9553330.207,comment-about-understanding,ami_da_12,1844.94,1845.28,340.0,"Ah ,"
TS3009c,C,TS3009c.C.dialog-act.s9553330.14,comment-about-understanding,ami_da_12,170.58,171.73,1150.0,Mm-hmm . Alright .
TS3009c,C,TS3009c.C.dialog-act.s9553330.113,comment-about-understanding,ami_da_12,638.99,639.64,650.0,The feel ?
TS3009c,C,TS3009c.C.dialog-act.s9553330.149,comment-about-understanding,ami_da_12,856.72,858.1,1380.0,"Oh , yeah , I understand . Yeah ."
TS3009c,C,TS3009c.C.dialog-act.s9553330.162,comment-about-understanding,ami_da_12,1014.94,1016.79,1850.0,"Yeah alright , yeah ."
TS3009c,C,TS3009c.C.dialog-act.s9553330.166,comment-about-understanding,ami_da_12,1042.08,1042.93,850.0,"Alright , yeah ."
TS3009c,C,TS3009c.C.dialog-act.s9553330.180,comment-about-understanding,ami_da_12,1147.008,1149.66,2652.0,Yeah I understand .
TS3009c,C,TS3009c.C.dialog-act.s9553330.211,comment-about-understanding,ami_da_12,1418.64,1420.91,2270.0,"Yeah , I understand ."
TS3009c,C,TS3009c.C.dialog-act.s9553330.226,comment-about-understanding,ami_da_12,1472.67,1473.21,540.0,Huh ?
TS3009c,C,TS3009c.C.dialog-act.s9553330.256,comment-about-understanding,ami_da_12,1591.74,1594.12,2380.0,Oh external ?
TS3009c,C,TS3009c.C.dialog-act.s9553330.282,comment-about-understanding,ami_da_12,1765.49,1766.26,770.0,"Alright , yeah ."
TS3009c,C,TS3009c.C.dialog-act.s9553330.343,comment-about-understanding,ami_da_12,2137.56,2138.36,800.0,of between
TS3009c,C,TS3009c.C.dialog-act.s9553330.389,comment-about-understanding,ami_da_12,2330.51,2330.93,420.0,Too much ?
TS3009c,D,TS3009c.D.dialog-act.s9553330.71,elicit-comment-understanding,ami_da_13,355.39,356.37,980.0,Right ?
TS3009c,D,TS3009c.D.dialog-act.s9553330.111,comment-about-understanding,ami_da_12,856.77,857.56,790.0,Oh okay .
TS3009c,D,TS3009c.D.dialog-act.s9553330.125,comment-about-understanding,ami_da_12,961.52,962.29,770.0,Alright .
TS3009c,D,TS3009c.D.dialog-act.s9553330.197,comment-about-understanding,ami_da_12,1541.039,1545.48,4441.0,I understand .
TS3009d,A,TS3009d.A.dialog-act.s9553330.61,comment-about-understanding,ami_da_12,385.32,386.288,968.0,"Well I see , but"
TS3009d,A,TS3009d.A.dialog-act.s9553330.62,comment-about-understanding,ami_da_12,391.02,392.75,1730.0,Well . Yeah I see it .
TS3009d,A,TS3009d.A.dialog-act.s9553330.81,comment-about-understanding,ami_da_12,509.84,510.18,340.0,Okay .
TS3009d,A,TS3009d.A.dialog-act.s9553330.99,elicit-comment-understanding,ami_da_13,576.74,577.2,460.0,Okay ?
TS3009d,A,TS3009d.A.dialog-act.s9553330.111,comment-about-understanding,ami_da_12,685.04,687.19,2150.0,"Nei . Oh no . I know , I know , I know ."
TS3009d,A,TS3009d.A.dialog-act.s9553330.222,comment-about-understanding,ami_da_12,1142.41,1142.85,440.0,Curved ?
TS3009d,A,TS3009d.A.dialog-act.s9553330.237,comment-about-understanding,ami_da_12,1221.82,1222.24,420.0,Who ?
TS3009d,B,TS3009d.B.dialog-act.s9553330.65,comment-about-understanding,ami_da_12,538.04,538.27,230.0,Yeah ?
TS3009d,B,TS3009d.B.dialog-act.s9553330.101,comment-about-understanding,ami_da_12,982.42,982.76,340.0,The what ?
TS3009d,B,TS3009d.B.dialog-act.s9553330.140,comment-about-understanding,ami_da_12,1273.88,1274.31,430.0,Yeah alright
TS3009d,B,TS3009d.B.dialog-act.s9553330.201,comment-about-understanding,ami_da_12,1545.7,1547.699,1999.0,Oh they're both SMARTboards .
TS3009d,C,TS3009d.C.dialog-act.s9553330.41,comment-about-understanding,ami_da_12,254.91,255.19,280.0,Yeah ?
TS3009d,C,TS3009d.C.dialog-act.s9553330.99,comment-about-understanding,ami_da_12,460.8,461.19,390.0,Side ?
TS3009d,C,TS3009d.C.dialog-act.s9553330.100,comment-about-understanding,ami_da_12,461.19,462.35,1160.0,Uh oh the side ?
TS3009d,C,TS3009d.C.dialog-act.s9553330.195,comment-about-understanding,ami_da_12,915.45,916.12,670.0,Four ?
TS3009d,C,TS3009d.C.dialog-act.s9553330.202,comment-about-understanding,ami_da_12,977.89,978.4,510.0,The what ?
TS3009d,C,TS3009d.C.dialog-act.s9553330.216,comment-about-understanding,ami_da_12,1035.73,1035.98,250.0,Huh ?
TS3009d,C,TS3009d.C.dialog-act.s9553330.410,comment-about-understanding,ami_da_12,1994.04,1998.41,4370.0,"Oh you mean our uh coach , our f personal coach ."
TS3009d,D,TS3009d.D.dialog-act.s9553330.80,comment-about-understanding,ami_da_12,812.87,813.15,280.0,Two ?
TS3009d,D,TS3009d.D.dialog-act.s9553330.112,comment-about-understanding,ami_da_12,970.44,970.98,540.0,Twelve and a half .
TS3010a,A,TS3010a.A.dialog-act.s9553330.96,comment-about-understanding,ami_da_12,788.37,789.16,790.0,Like a phone .
TS3010a,D,TS3010a.D.dialog-act.s9553330.54,comment-about-understanding,ami_da_12,944.05,944.73,680.0,Okay .
TS3010b,A,TS3010b.A.dialog-act.s9553330.129,comment-about-understanding,ami_da_12,1542.79,1543.14,350.0,Sorry ?
TS3010b,A,TS3010b.A.dialog-act.s9553330.130,comment-about-understanding,ami_da_12,1545.86,1546.09,230.0,Yes .
TS3010b,A,TS3010b.A.dialog-act.s9553330.162,comment-about-understanding,ami_da_12,1694.2,1695.61,1410.0,Menu ?
TS3010b,B,TS3010b.B.dialog-act.s9553330.35,comment-about-understanding,ami_da_12,941.26,942.07,810.0,Okay yeah .
TS3010b,C,TS3010b.C.dialog-act.s9553330.36,comment-about-understanding,ami_da_12,389.21,390.87,1660.0,Ten minutes to tell it . Okay .
TS3010b,D,TS3010b.D.dialog-act.s9553330.22,comment-about-understanding,ami_da_12,963.09,963.39,300.0,Okay .
TS3010b,D,TS3010b.D.dialog-act.s9553330.109,comment-about-understanding,ami_da_12,1412.78,1413.34,560.0,Okay .
TS3010b,D,TS3010b.D.dialog-act.s9553330.121,comment-about-understanding,ami_da_12,1638.42,1639.05,630.0,Mine ?
TS3010c,A,TS3010c.A.dialog-act.dharshi.160,comment-about-understanding,ami_da_12,1533.59,1533.88,290.0,Sorry ?
TS3010c,B,TS3010c.B.dialog-act.dharshi.76,comment-about-understanding,ami_da_12,1067.43,1067.63,200.0,What ?
TS3010c,C,TS3010c.C.dialog-act.dharshi.71,elicit-comment-understanding,ami_da_13,608.6,611.17,2570.0,You have any more questions about this ?
TS3010c,C,TS3010c.C.dialog-act.dharshi.136,comment-about-understanding,ami_da_12,1118.64,1120.1,1460.0,Sorry ?
TS3010c,C,TS3010c.C.dialog-act.dharshi.174,comment-about-understanding,ami_da_12,1287.45,1288.61,1160.0,Paint it ?
TS3010c,C,TS3010c.C.dialog-act.dharshi.197,comment-about-understanding,ami_da_12,1571.02,1572.58,1560.0,"Oh , you mean like that ."
TS3010c,D,TS3010c.D.dialog-act.dharshi.20,comment-about-understanding,ami_da_12,625.54,625.99,450.0,not .
TS3010c,D,TS3010c.D.dialog-act.dharshi.61,elicit-comment-understanding,ami_da_13,965.48,966.11,630.0,Any questions ?
TS3010c,D,TS3010c.D.dialog-act.dharshi.135,comment-about-understanding,ami_da_12,2019.87,2020.02,150.0,What ?
TS3010d,A,TS3010d.A.dialog-act.dharshi.33,comment-about-understanding,ami_da_12,174.23,174.5,270.0,Sorry ?
TS3010d,A,TS3010d.A.dialog-act.dharshi.47,comment-about-understanding,ami_da_12,393.93,394.21,280.0,Two .
TS3010d,A,TS3010d.A.dialog-act.dharshi.183,comment-about-understanding,ami_da_12,1126.14,1126.56,420.0,Sorry ?
TS3010d,B,TS3010d.B.dialog-act.dharshi.2,comment-about-understanding,ami_da_12,36.68,37.75,1070.0,"Oh this , you mean ?"
TS3010d,C,TS3010d.C.dialog-act.dharshi.2,comment-about-understanding,ami_da_12,37.38,37.75,370.0,Huh ?
TS3010d,C,TS3010d.C.dialog-act.dharshi.13,comment-about-understanding,ami_da_12,135.71,136.55,840.0,The R_R_ ?
TS3010d,C,TS3010d.C.dialog-act.dharshi.23,comment-about-understanding,ami_da_12,389.76,390.85,1090.0,"Oh , true or false ."
TS3010d,C,TS3010d.C.dialog-act.dharshi.97,comment-about-understanding,ami_da_12,1131.044,1132.13,1086.0,What ?
TS3010d,C,TS3010d.C.dialog-act.dharshi.102,comment-about-understanding,ami_da_12,1175.91,1176.9,990.0,One Euro discount .
TS3010d,C,TS3010d.C.dialog-act.dharshi.147,comment-about-understanding,ami_da_12,1600.85,1601.93,1080.0,About the
TS3010d,D,TS3010d.D.dialog-act.dharshi.5,comment-about-understanding,ami_da_12,157.3,157.51,210.0,Yeah ?
TS3011a,A,TS3011a.A.dialog-act.dharshi.113,elicit-comment-understanding,ami_da_13,481.34,485.03,3690.0,"if you uh do have any questions , just c ask me ."
TS3011a,A,TS3011a.A.dialog-act.dharshi.133,elicit-comment-understanding,ami_da_13,691.09,695.24,4150.0,"Um any questions well , just just let me know ."
TS3011a,B,TS3011a.B.dialog-act.dharshi.13,comment-about-understanding,ami_da_12,59.14,60.33,1190.0,sen oh stand-by .
TS3011b,A,TS3011b.A.dialog-act.vkaraisk.7,comment-about-understanding,ami_da_12,42.39,42.69,300.0,Sorry ?
TS3011b,A,TS3011b.A.dialog-act.vkaraisk.13,comment-about-understanding,ami_da_12,58.43,59.09,660.0,"uh , Roo ."
TS3011b,A,TS3011b.A.dialog-act.vkaraisk.14,comment-about-understanding,ami_da_12,61.75,63.37,1620.0,Okay .
TS3011b,A,TS3011b.A.dialog-act.vkaraisk.27,comment-about-understanding,ami_da_12,100.44,102.13,1690.0,"Almost , okay ."
TS3011b,A,TS3011b.A.dialog-act.vkaraisk.58,elicit-comment-understanding,ami_da_13,222.39,222.97,580.0,Is that clear ?
TS3011b,A,TS3011b.A.dialog-act.vkaraisk.73,comment-about-understanding,ami_da_12,367.8,368.24,440.0,Okay .
TS3011b,A,TS3011b.A.dialog-act.vkaraisk.74,elicit-comment-understanding,ami_da_13,369.65,372.19,2540.0,"Uh Ruud , did you get that ?"
TS3011b,A,TS3011b.A.dialog-act.vkaraisk.81,comment-about-understanding,ami_da_12,394.76,395.61,850.0,Yeah .
TS3011b,A,TS3011b.A.dialog-act.vkaraisk.107,comment-about-understanding,ami_da_12,784.89,785.33,440.0,Okay .
TS3011b,A,TS3011b.A.dialog-act.vkaraisk.117,comment-about-understanding,ami_da_12,808.31,809.59,1280.0,Yep . Okay .
TS3011b,A,TS3011b.A.dialog-act.vkaraisk.150,comment-about-understanding,ami_da_12,1093.51,1094.17,660.0,Yeah .
TS3011b,A,TS3011b.A.dialog-act.vkaraisk.155,comment-about-understanding,ami_da_12,1116.39,1117.77,1380.0,Okay .
TS3011b,A,TS3011b.A.dialog-act.vkaraisk.160,comment-about-understanding,ami_da_12,1126.88,1128.05,1170.0,Yeah .
TS3011b,A,TS3011b.A.dialog-act.vkaraisk.190,comment-about-understanding,ami_da_12,1367.68,1368.977,1297.0,Uh-huh .
TS3011b,A,TS3011b.A.dialog-act.vkaraisk.191,comment-about-understanding,ami_da_12,1370.0,1370.92,920.0,"Okay , yeah ."
TS3011b,A,TS3011b.A.dialog-act.vkaraisk.217,comment-about-understanding,ami_da_12,1507.64,1508.19,550.0,"Mielsen ,"
TS3011b,A,TS3011b.A.dialog-act.vkaraisk.263,comment-about-understanding,ami_da_12,1776.65,1777.83,1180.0,Okay .
TS3011b,A,TS3011b.A.dialog-act.vkaraisk.271,comment-about-understanding,ami_da_12,1811.33,1811.75,420.0,Okay .
TS3011b,A,TS3011b.A.dialog-act.vkaraisk.284,comment-about-understanding,ami_da_12,1886.95,1888.61,1660.0,Okay .
TS3011b,A,TS3011b.A.dialog-act.vkaraisk.287,comment-about-understanding,ami_da_12,1893.594,1896.12,2526.0,Nothing to add .
TS3011b,B,TS3011b.B.dialog-act.vkaraisk.23,comment-about-understanding,ami_da_12,221.45,221.83,380.0,Yes .
TS3011b,B,TS3011b.B.dialog-act.vkaraisk.64,comment-about-understanding,ami_da_12,635.06,635.47,410.0,Okay .
TS3011b,B,TS3011b.B.dialog-act.vkaraisk.166,comment-about-understanding,ami_da_12,1523.9,1524.18,280.0,Alright .
TS3011b,B,TS3011b.B.dialog-act.vkaraisk.184,comment-about-understanding,ami_da_12,1726.28,1726.61,330.0,Mm-hmm .
TS3011b,B,TS3011b.B.dialog-act.vkaraisk.191,comment-about-understanding,ami_da_12,2000.64,2001.6,960.0,"Yeah , okay ."
TS3011b,B,TS3011b.B.dialog-act.vkaraisk.192,comment-about-understanding,ami_da_12,2002.71,2002.91,200.0,Yeah .
TS3011b,C,TS3011b.C.dialog-act.vkaraisk.4,comment-about-understanding,ami_da_12,45.7,47.842,2142.0,Okay .
TS3011b,C,TS3011b.C.dialog-act.vkaraisk.28,comment-about-understanding,ami_da_12,457.66,458.13,470.0,No ?
TS3011b,C,TS3011b.C.dialog-act.vkaraisk.148,comment-about-understanding,ami_da_12,968.42,969.79,1370.0,Something like that .
TS3011b,C,TS3011b.C.dialog-act.vkaraisk.197,comment-about-understanding,ami_da_12,1230.21,1231.83,1620.0,Ok like that .
TS3011b,C,TS3011b.C.dialog-act.vkaraisk.202,comment-about-understanding,ami_da_12,1252.66,1253.74,1080.0,Mm-hmm .
TS3011b,C,TS3011b.C.dialog-act.vkaraisk.231,comment-about-understanding,ami_da_12,1458.35,1460.1,1750.0,Okay . Okay .
TS3011b,C,TS3011b.C.dialog-act.vkaraisk.254,comment-about-understanding,ami_da_12,1573.79,1574.24,450.0,"Okay ,"
TS3011b,C,TS3011b.C.dialog-act.vkaraisk.264,comment-about-understanding,ami_da_12,1617.76,1618.21,450.0,Okay .
TS3011b,C,TS3011b.C.dialog-act.vkaraisk.270,comment-about-understanding,ami_da_12,1635.56,1635.93,370.0,"Okay ,"
TS3011b,C,TS3011b.C.dialog-act.vkaraisk.272,comment-about-understanding,ami_da_12,1642.53,1642.92,390.0,Okay .
TS3011b,C,TS3011b.C.dialog-act.vkaraisk.364,comment-about-understanding,ami_da_12,2092.48,2093.488,1008.0,we understand .
TS3011b,C,TS3011b.C.dialog-act.vkaraisk.369,comment-about-understanding,ami_da_12,2128.3,2128.47,170.0,Oh .
TS3011b,C,TS3011b.C.dialog-act.vkaraisk.370,comment-about-understanding,ami_da_12,2136.01,2137.33,1320.0,Okay .
TS3011b,C,TS3011b.C.dialog-act.vkaraisk.374,comment-about-understanding,ami_da_12,2144.04,2144.36,320.0,Okay .
TS3011b,D,TS3011b.D.dialog-act.vkaraisk.4,comment-about-understanding,ami_da_12,123.32,123.78,460.0,Uh okay .
TS3011b,D,TS3011b.D.dialog-act.vkaraisk.5,comment-about-understanding,ami_da_12,373.11,374.45,1340.0,"Yeah , uh b uh most ."
TS3011c,A,TS3011c.A.dialog-act.vkaraisk.72,comment-about-understanding,ami_da_12,495.25,496.73,1480.0,Okay .
TS3011c,A,TS3011c.A.dialog-act.vkaraisk.127,elicit-comment-understanding,ami_da_13,1067.61,1068.32,710.0,right ?
TS3011c,A,TS3011c.A.dialog-act.vkaraisk.233,comment-about-understanding,ami_da_12,1687.48,1691.757,4277.0,Nothing more . Um
TS3011c,A,TS3011c.A.dialog-act.vkaraisk.286,comment-about-understanding,ami_da_12,1970.76,1971.73,970.0,Yeah .
TS3011c,A,TS3011c.A.dialog-act.vkaraisk.313,comment-about-understanding,ami_da_12,2110.32,2115.73,5410.0,"yeah , I know . Um I think uh I know which you understand af uh I know what you mean ."
TS3011c,A,TS3011c.A.dialog-act.vkaraisk.320,comment-about-understanding,ami_da_12,2176.624,2177.48,856.0,"I know ,"
TS3011c,B,TS3011c.B.dialog-act.vkaraisk.14,comment-about-understanding,ami_da_12,356.84,357.28,440.0,Okay .
TS3011c,B,TS3011c.B.dialog-act.vkaraisk.80,elicit-comment-understanding,ami_da_13,1067.36,1067.64,280.0,Yeah .
TS3011c,B,TS3011c.B.dialog-act.vkaraisk.117,comment-about-understanding,ami_da_12,1452.93,1453.35,420.0,Okay .
TS3011c,B,TS3011c.B.dialog-act.vkaraisk.121,comment-about-understanding,ami_da_12,1455.82,1456.03,210.0,Yeah .
TS3011c,B,TS3011c.B.dialog-act.vkaraisk.125,comment-about-understanding,ami_da_12,1486.56,1486.78,220.0,"Okay ,"
TS3011c,B,TS3011c.B.dialog-act.vkaraisk.128,comment-about-understanding,ami_da_12,1492.05,1493.11,1060.0,"oh ,"
TS3011c,B,TS3011c.B.dialog-act.vkaraisk.142,comment-about-understanding,ami_da_12,1724.55,1725.44,890.0,"Yeah , okay ."
TS3011c,B,TS3011c.B.dialog-act.vkaraisk.144,comment-about-understanding,ami_da_12,1727.18,1727.46,280.0,"Oh ,"
TS3011c,B,TS3011c.B.dialog-act.vkaraisk.146,comment-about-understanding,ami_da_12,1727.93,1728.11,180.0,Yeah .
TS3011c,B,TS3011c.B.dialog-act.vkaraisk.147,comment-about-understanding,ami_da_12,1725.79,1725.97,180.0,yeah .
TS3011c,B,TS3011c.B.dialog-act.vkaraisk.151,comment-about-understanding,ami_da_12,1789.07,1790.15,1080.0,"Yeah , right ."
TS3011c,B,TS3011c.B.dialog-act.vkaraisk.159,comment-about-understanding,ami_da_12,1835.12,1835.44,320.0,Okay .
TS3011c,B,TS3011c.B.dialog-act.vkaraisk.174,comment-about-understanding,ami_da_12,2004.03,2004.93,900.0,What what did you say ?
TS3011c,C,TS3011c.C.dialog-act.vkaraisk.20,comment-about-understanding,ami_da_12,350.38,350.94,560.0,Okay .
TS3011c,C,TS3011c.C.dialog-act.vkaraisk.38,comment-about-understanding,ami_da_12,478.84,480.26,1420.0,"Oh , that one , yes ."
TS3011c,C,TS3011c.C.dialog-act.vkaraisk.47,comment-about-understanding,ami_da_12,522.17,522.68,510.0,Okay .
TS3011c,C,TS3011c.C.dialog-act.vkaraisk.168,comment-about-understanding,ami_da_12,1100.69,1101.43,740.0,About mute .
TS3011c,C,TS3011c.C.dialog-act.vkaraisk.223,comment-about-understanding,ami_da_12,1313.095,1314.39,1295.0,"Okay . Okay ,"
TS3011c,C,TS3011c.C.dialog-act.vkaraisk.264,comment-about-understanding,ami_da_12,1465.33,1465.84,510.0,"Oh okay ,"
TS3011c,C,TS3011c.C.dialog-act.vkaraisk.329,comment-about-understanding,ami_da_12,1781.38,1782.71,1330.0,Okay .
TS3011c,C,TS3011c.C.dialog-act.vkaraisk.331,comment-about-understanding,ami_da_12,1792.06,1792.63,570.0,Okay .
TS3011c,C,TS3011c.C.dialog-act.vkaraisk.349,comment-about-understanding,ami_da_12,1846.1,1846.41,310.0,Okay .
TS3011c,C,TS3011c.C.dialog-act.vkaraisk.352,comment-about-understanding,ami_da_12,1866.69,1867.46,770.0,"Okay ,"
TS3011c,C,TS3011c.C.dialog-act.vkaraisk.354,comment-about-understanding,ami_da_12,1875.04,1876.01,970.0,"Grey yellow , okay ."
TS3011c,C,TS3011c.C.dialog-act.vkaraisk.372,comment-about-understanding,ami_da_12,1989.19,1989.81,620.0,scroll-wheel .
TS3011c,C,TS3011c.C.dialog-act.vkaraisk.383,comment-about-understanding,ami_da_12,2108.36,2109.0,640.0,"Yes , the signs ."
TS3011c,C,TS3011c.C.dialog-act.vkaraisk.384,comment-about-understanding,ami_da_12,2123.41,2124.39,980.0,Uh I see what you mean .
TS3011c,C,TS3011c.C.dialog-act.vkaraisk.408,comment-about-understanding,ami_da_12,2240.82,2241.23,410.0,Okay .
TS3011d,A,TS3011d.A.dialog-act.vkaraisk.156,comment-about-understanding,ami_da_12,1056.694,1061.144,4450.0,Um Okay .
TS3011d,A,TS3011d.A.dialog-act.vkaraisk.159,comment-about-understanding,ami_da_12,1073.224,1075.692,2468.0,Okay .
TS3011d,A,TS3011d.A.dialog-act.vkaraisk.248,comment-about-understanding,ami_da_12,1527.234,1528.384,1150.0,Okay .
TS3011d,A,TS3011d.A.dialog-act.vkaraisk.272,comment-about-understanding,ami_da_12,1662.694,1664.044,1350.0,"You agree , okay ."
TS3011d,A,TS3011d.A.dialog-act.vkaraisk.298,comment-about-understanding,ami_da_12,1770.614,1771.734,1120.0,Okay .
TS3011d,A,TS3011d.A.dialog-act.vkaraisk.308,comment-about-understanding,ami_da_12,1837.094,1837.414,320.0,I know .
TS3011d,A,TS3011d.A.dialog-act.vkaraisk.312,comment-about-understanding,ami_da_12,1851.264,1855.134,3870.0,"Yeah . Okay , you can't really decide . No ."
TS3011d,A,TS3011d.A.dialog-act.vkaraisk.363,comment-about-understanding,ami_da_12,2080.924,2082.55,1626.0,Blue tongue .
TS3011d,B,TS3011d.B.dialog-act.vkaraisk.19,comment-about-understanding,ami_da_12,444.954,445.314,360.0,"Oh ,"
TS3011d,B,TS3011d.B.dialog-act.vkaraisk.24,comment-about-understanding,ami_da_12,508.944,509.544,600.0,"oh ,"
TS3011d,B,TS3011d.B.dialog-act.vkaraisk.26,comment-about-understanding,ami_da_12,511.144,511.404,260.0,yeah .
TS3011d,B,TS3011d.B.dialog-act.vkaraisk.28,comment-about-understanding,ami_da_12,514.064,514.244,180.0,yeah .
TS3011d,B,TS3011d.B.dialog-act.vkaraisk.58,comment-about-understanding,ami_da_12,918.944,919.374,430.0,Okay .
TS3011d,B,TS3011d.B.dialog-act.vkaraisk.115,comment-about-understanding,ami_da_12,1465.494,1466.764,1270.0,Uh twenty five .
TS3011d,B,TS3011d.B.dialog-act.vkaraisk.161,comment-about-understanding,ami_da_12,1763.444,1763.684,240.0,Hmm .
TS3011d,C,TS3011d.C.dialog-act.vkaraisk.137,comment-about-understanding,ami_da_12,1101.752,1104.064,2312.0,Four ?
TS3011d,C,TS3011d.C.dialog-act.vkaraisk.166,comment-about-understanding,ami_da_12,1239.364,1240.634,1270.0,You take one ?
TS3011d,C,TS3011d.C.dialog-act.vkaraisk.256,comment-about-understanding,ami_da_12,1759.974,1760.374,400.0,Okay .
TS3011d,C,TS3011d.C.dialog-act.vkaraisk.257,comment-about-understanding,ami_da_12,1763.484,1763.894,410.0,Okay .
TS3011d,C,TS3011d.C.dialog-act.vkaraisk.284,comment-about-understanding,ami_da_12,1958.464,1958.744,280.0,Okay .
TS3011d,C,TS3011d.C.dialog-act.vkaraisk.295,comment-about-understanding,ami_da_12,2006.634,2007.134,500.0,Ten minutes .
TS3011d,C,TS3011d.C.dialog-act.vkaraisk.296,comment-about-understanding,ami_da_12,2009.244,2012.594,3350.0,Okay . Okay .
TS3011d,D,TS3011d.D.dialog-act.vkaraisk.56,comment-about-understanding,ami_da_12,1097.174,1098.544,1370.0,Hmm ? Huh ?
TS3012a,A,TS3012a.A.dialog-act.vkaraisk.23,comment-about-understanding,ami_da_12,68.66,69.92,1260.0,What should it look like ? Okay .
TS3012a,A,TS3012a.A.dialog-act.vkaraisk.77,elicit-comment-understanding,ami_da_13,198.27,199.68,1410.0,"it's very clear for everyone , I suppose ."
TS3012a,A,TS3012a.A.dialog-act.vkaraisk.190,comment-about-understanding,ami_da_12,764.1,765.98,1880.0,"It should be light , okay ."
TS3012a,A,TS3012a.A.dialog-act.vkaraisk.213,comment-about-understanding,ami_da_12,806.04,806.36,320.0,Okay .
TS3012a,B,TS3012a.B.dialog-act.vkaraisk.5,comment-about-understanding,ami_da_12,242.335,243.79,1455.0,The creative genius ?
TS3012a,B,TS3012a.B.dialog-act.vkaraisk.39,comment-about-understanding,ami_da_12,511.91,513.089,1179.0,Got it .
TS3012a,B,TS3012a.B.dialog-act.vkaraisk.50,comment-about-understanding,ami_da_12,694.69,696.7,2010.0,Just for T_V_ remote control .
TS3012a,B,TS3012a.B.dialog-act.vkaraisk.51,comment-about-understanding,ami_da_12,696.7,697.64,940.0,Okay .
TS3012a,C,TS3012a.C.dialog-act.vkaraisk.17,comment-about-understanding,ami_da_12,455.738,456.3,562.0,Okay .
TS3012a,C,TS3012a.C.dialog-act.vkaraisk.24,comment-about-understanding,ami_da_12,508.74,508.97,230.0,Uh
TS3012a,D,TS3012a.D.dialog-act.vkaraisk.21,comment-about-understanding,ami_da_12,356.2,356.55,350.0,What ?
TS3012a,D,TS3012a.D.dialog-act.vkaraisk.22,comment-about-understanding,ami_da_12,358.56,360.528,1968.0,Yeah . Um
TS3012a,D,TS3012a.D.dialog-act.vkaraisk.23,comment-about-understanding,ami_da_12,361.59,362.14,550.0,Oh yeah .
TS3012a,D,TS3012a.D.dialog-act.vkaraisk.52,comment-about-understanding,ami_da_12,474.36,475.613,1253.0,What ? They are
TS3012a,D,TS3012a.D.dialog-act.vkaraisk.53,comment-about-understanding,ami_da_12,477.05,477.97,920.0,Okay uh-huh .
TS3012a,D,TS3012a.D.dialog-act.vkaraisk.56,comment-about-understanding,ami_da_12,558.37,558.82,450.0,Okay .
TS3012a,D,TS3012a.D.dialog-act.vkaraisk.73,comment-about-understanding,ami_da_12,795.0,798.14,3140.0,Um about what ? Marketing ?
TS3012b,A,TS3012b.A.dialog-act.vkaraisk.45,comment-about-understanding,ami_da_12,157.61,158.42,810.0,"Is it people , okay ."
TS3012b,A,TS3012b.A.dialog-act.vkaraisk.48,comment-about-understanding,ami_da_12,160.48,160.79,310.0,'Kay .
TS3012b,A,TS3012b.A.dialog-act.vkaraisk.82,comment-about-understanding,ami_da_12,361.79,362.1,310.0,Okay .
TS3012b,A,TS3012b.A.dialog-act.vkaraisk.84,comment-about-understanding,ami_da_12,371.39,371.83,440.0,I see .
TS3012b,A,TS3012b.A.dialog-act.vkaraisk.93,comment-about-understanding,ami_da_12,470.06,470.53,470.0,Okay .
TS3012b,A,TS3012b.A.dialog-act.vkaraisk.104,comment-about-understanding,ami_da_12,535.97,537.036,1066.0,"No , of course uh"
TS3012b,A,TS3012b.A.dialog-act.vkaraisk.105,comment-about-understanding,ami_da_12,537.9,538.18,280.0,Yeah .
TS3012b,A,TS3012b.A.dialog-act.vkaraisk.108,comment-about-understanding,ami_da_12,545.53,546.55,1020.0,"That was it . Okay ,"
TS3012b,A,TS3012b.A.dialog-act.vkaraisk.122,comment-about-understanding,ami_da_12,668.11,668.41,300.0,Okay .
TS3012b,A,TS3012b.A.dialog-act.vkaraisk.123,comment-about-understanding,ami_da_12,673.074,674.0,926.0,"Yeah , okay ."
TS3012b,A,TS3012b.A.dialog-act.vkaraisk.215,comment-about-understanding,ami_da_12,961.01,962.01,1000.0,A slap-on sticker .
TS3012b,A,TS3012b.A.dialog-act.vkaraisk.216,comment-about-understanding,ami_da_12,962.01,962.22,210.0,"Oh ,"
TS3012b,A,TS3012b.A.dialog-act.vkaraisk.270,comment-about-understanding,ami_da_12,1119.95,1120.53,580.0,"Yeah , I know ,"
TS3012b,A,TS3012b.A.dialog-act.vkaraisk.315,comment-about-understanding,ami_da_12,1237.44,1238.95,1510.0,A double-sided remote control ?
TS3012b,A,TS3012b.A.dialog-act.vkaraisk.369,comment-about-understanding,ami_da_12,1392.77,1392.89,120.0,"Yeah ,"
TS3012b,A,TS3012b.A.dialog-act.vkaraisk.406,comment-about-understanding,ami_da_12,1496.58,1497.28,700.0,"Oh yeah , it's true ."
TS3012b,A,TS3012b.A.dialog-act.vkaraisk.423,comment-about-understanding,ami_da_12,1539.49,1539.89,400.0,Mute .
TS3012b,A,TS3012b.A.dialog-act.vkaraisk.465,comment-about-understanding,ami_da_12,1659.68,1660.79,1110.0,Not exactly uh .
TS3012b,A,TS3012b.A.dialog-act.vkaraisk.469,comment-about-understanding,ami_da_12,1679.27,1679.56,290.0,A what ?
TS3012b,A,TS3012b.A.dialog-act.vkaraisk.618,comment-about-understanding,ami_da_12,2115.83,2116.09,260.0,Sorry ?
TS3012b,A,TS3012b.A.dialog-act.vkaraisk.620,comment-about-understanding,ami_da_12,2122.32,2124.34,2020.0,Okay . Mm-hmm .
TS3012b,A,TS3012b.A.dialog-act.vkaraisk.645,comment-about-understanding,ami_da_12,2174.84,2175.57,730.0,No ?
TS3012b,A,TS3012b.A.dialog-act.vkaraisk.659,comment-about-understanding,ami_da_12,2213.31,2213.8,490.0,You would prefer it
TS3012b,A,TS3012b.A.dialog-act.vkaraisk.695,comment-about-understanding,ami_da_12,2338.34,2339.36,1020.0,Finish meeting now .
TS3012b,B,TS3012b.B.dialog-act.vkaraisk.7,comment-about-understanding,ami_da_12,246.21,246.81,600.0,"Oh , okay ."
TS3012b,B,TS3012b.B.dialog-act.vkaraisk.75,comment-about-understanding,ami_da_12,845.59,846.11,520.0,Oh .
TS3012b,B,TS3012b.B.dialog-act.vkaraisk.93,comment-about-understanding,ami_da_12,1117.31,1118.57,1260.0,"Oh yeah , I know what you mean ."
TS3012b,B,TS3012b.B.dialog-act.vkaraisk.173,comment-about-understanding,ami_da_12,1845.81,1847.14,1330.0,"Oh , your computer . Okay ."
TS3012b,C,TS3012b.C.dialog-act.vkaraisk.81,comment-about-understanding,ami_da_12,943.33,943.73,400.0,"okay ,"
TS3012b,C,TS3012b.C.dialog-act.vkaraisk.91,comment-about-understanding,ami_da_12,979.07,979.3,230.0,Okay .
TS3012b,C,TS3012b.C.dialog-act.vkaraisk.93,comment-about-understanding,ami_da_12,988.83,989.51,680.0,"Okay ,"
TS3012b,C,TS3012b.C.dialog-act.vkaraisk.95,comment-about-understanding,ami_da_12,993.33,993.77,440.0,Okay .
TS3012b,C,TS3012b.C.dialog-act.vkaraisk.109,comment-about-understanding,ami_da_12,1068.29,1069.48,1190.0,"okay , okay ."
TS3012b,C,TS3012b.C.dialog-act.vkaraisk.119,elicit-comment-understanding,ami_da_13,1117.12,1118.28,1160.0,Know what I mean ?
TS3012b,C,TS3012b.C.dialog-act.vkaraisk.183,elicit-comment-understanding,ami_da_13,1657.98,1658.52,540.0,Know what I mean ?
TS3012b,C,TS3012b.C.dialog-act.vkaraisk.223,comment-about-understanding,ami_da_12,1843.48,1844.38,900.0,"Yeah , okay ."
TS3012b,C,TS3012b.C.dialog-act.vkaraisk.225,comment-about-understanding,ami_da_12,1919.08,1919.56,480.0,Mm . Mm .
TS3012b,D,TS3012b.D.dialog-act.vkaraisk.29,comment-about-understanding,ami_da_12,159.42,160.12,700.0,yeah .
TS3012b,D,TS3012b.D.dialog-act.vkaraisk.54,comment-about-understanding,ami_da_12,233.37,234.75,1380.0,hmm ?
TS3012b,D,TS3012b.D.dialog-act.vkaraisk.80,comment-about-understanding,ami_da_12,342.44,342.7,260.0,What ?
TS3012b,D,TS3012b.D.dialog-act.vkaraisk.122,comment-about-understanding,ami_da_12,906.21,906.86,650.0,Okay .
TS3012b,D,TS3012b.D.dialog-act.vkaraisk.136,comment-about-understanding,ami_da_12,1012.5,1013.07,570.0,Oh yeah .
TS3012b,D,TS3012b.D.dialog-act.vkaraisk.143,comment-about-understanding,ami_da_12,1117.13,1117.78,650.0,Oh .
TS3012b,D,TS3012b.D.dialog-act.vkaraisk.147,comment-about-understanding,ami_da_12,1160.67,1161.02,350.0,Okay .
TS3012b,D,TS3012b.D.dialog-act.vkaraisk.178,comment-about-understanding,ami_da_12,1543.09,1543.5,410.0,sorry ?
TS3012b,D,TS3012b.D.dialog-act.vkaraisk.195,comment-about-understanding,ami_da_12,1665.92,1666.44,520.0,Yeah yeah .
TS3012b,D,TS3012b.D.dialog-act.vkaraisk.215,comment-about-understanding,ami_da_12,1800.49,1801.1,610.0,Yeah yeah yeah .
TS3012b,D,TS3012b.D.dialog-act.vkaraisk.231,comment-about-understanding,ami_da_12,1872.84,1873.97,1130.0,Ah yeah .
TS3012b,D,TS3012b.D.dialog-act.vkaraisk.274,comment-about-understanding,ami_da_12,2124.78,2125.29,510.0,Okay .
TS3012b,D,TS3012b.D.dialog-act.vkaraisk.289,comment-about-understanding,ami_da_12,2254.4,2255.32,920.0,"Yeah , I know uh ."
TS3012c,A,TS3012c.A.dialog-act.vkaraisk.24,elicit-comment-understanding,ami_da_13,93.12,95.02,1900.0,"It's fine , everybody knows what we're talking about ."
TS3012c,A,TS3012c.A.dialog-act.vkaraisk.117,comment-about-understanding,ami_da_12,359.19,359.54,350.0,Okay .
TS3012c,A,TS3012c.A.dialog-act.vkaraisk.118,comment-about-understanding,ami_da_12,365.32,366.39,1070.0,"Also decreases , okay ."
TS3012c,A,TS3012c.A.dialog-act.vkaraisk.120,comment-about-understanding,ami_da_12,381.9,384.3,2400.0,"More than one curve , uh yeah okay ."
TS3012c,A,TS3012c.A.dialog-act.vkaraisk.200,comment-about-understanding,ami_da_12,592.17,593.06,890.0,"No absolute numbers ,"
TS3012c,A,TS3012c.A.dialog-act.vkaraisk.203,comment-about-understanding,ami_da_12,599.71,600.94,1230.0,"Don't think it's an issue , okay ."
TS3012c,A,TS3012c.A.dialog-act.vkaraisk.209,comment-about-understanding,ami_da_12,624.43,625.81,1380.0,Okay .
TS3012c,A,TS3012c.A.dialog-act.vkaraisk.218,comment-about-understanding,ami_da_12,658.48,659.02,540.0,That's small .
TS3012c,A,TS3012c.A.dialog-act.vkaraisk.227,comment-about-understanding,ami_da_12,683.69,686.1,2410.0,More than sixty percent of the people would like voice recognition .
TS3012c,A,TS3012c.A.dialog-act.vkaraisk.243,comment-about-understanding,ami_da_12,742.19,742.33,140.0,Oh .
TS3012c,A,TS3012c.A.dialog-act.vkaraisk.260,comment-about-understanding,ami_da_12,796.67,797.07,400.0,Okay .
TS3012c,A,TS3012c.A.dialog-act.vkaraisk.267,comment-about-understanding,ami_da_12,814.89,815.76,870.0,"Yeah , I think it's okay ."
TS3012c,A,TS3012c.A.dialog-act.vkaraisk.339,comment-about-understanding,ami_da_12,1183.89,1185.03,1140.0,That would be two curves .
TS3012c,A,TS3012c.A.dialog-act.vkaraisk.354,comment-about-understanding,ami_da_12,1253.06,1253.78,720.0,"Oh , okay ."
TS3012c,A,TS3012c.A.dialog-act.vkaraisk.404,comment-about-understanding,ami_da_12,1415.39,1417.53,2140.0,supplements . I'm not sure what they mean by that .
TS3012c,A,TS3012c.A.dialog-act.vkaraisk.454,comment-about-understanding,ami_da_12,1573.12,1573.46,340.0,"Okay ,"
TS3012c,A,TS3012c.A.dialog-act.vkaraisk.463,comment-about-understanding,ami_da_12,1602.21,1602.69,480.0,Okay .
TS3012c,A,TS3012c.A.dialog-act.vkaraisk.464,comment-about-understanding,ami_da_12,1603.83,1610.8,6970.0,Okay .
TS3012c,A,TS3012c.A.dialog-act.vkaraisk.512,comment-about-understanding,ami_da_12,1755.96,1756.1,140.0,What ?
TS3012c,A,TS3012c.A.dialog-act.vkaraisk.513,comment-about-understanding,ami_da_12,1768.74,1769.49,750.0,You're accustomed to eleven ?
TS3012c,A,TS3012c.A.dialog-act.vkaraisk.550,comment-about-understanding,ami_da_12,1863.2,1864.09,890.0,It can be curved .
TS3012c,A,TS3012c.A.dialog-act.vkaraisk.612,comment-about-understanding,ami_da_12,2068.63,2069.51,880.0,A speaker sensor .
TS3012c,A,TS3012c.A.dialog-act.vkaraisk.657,comment-about-understanding,ami_da_12,2200.93,2201.23,300.0,Yellow
TS3012c,B,TS3012c.B.dialog-act.vkaraisk.5,comment-about-understanding,ami_da_12,49.0,49.23,230.0,Hmm ?
TS3012c,B,TS3012c.B.dialog-act.vkaraisk.18,comment-about-understanding,ami_da_12,84.53,85.01,480.0,Okay .
TS3012c,B,TS3012c.B.dialog-act.vkaraisk.31,comment-about-understanding,ami_da_12,341.49,342.33,840.0,okay .
TS3012c,B,TS3012c.B.dialog-act.vkaraisk.69,comment-about-understanding,ami_da_12,592.17,592.34,170.0,Okay .
TS3012c,B,TS3012c.B.dialog-act.vkaraisk.91,comment-about-understanding,ami_da_12,763.29,763.98,690.0,Why is it square ?
TS3012c,B,TS3012c.B.dialog-act.vkaraisk.170,comment-about-understanding,ami_da_12,1253.73,1254.35,620.0,Okay .
TS3012c,B,TS3012c.B.dialog-act.vkaraisk.175,comment-about-understanding,ami_da_12,1309.77,1310.03,260.0,"No ,"
TS3012c,B,TS3012c.B.dialog-act.vkaraisk.184,comment-about-understanding,ami_da_12,1346.96,1347.58,620.0,Okay .
TS3012c,B,TS3012c.B.dialog-act.vkaraisk.202,comment-about-understanding,ami_da_12,1518.75,1519.87,1120.0,"Speech recognition ,"
TS3012c,B,TS3012c.B.dialog-act.vkaraisk.228,comment-about-understanding,ami_da_12,1668.98,1670.28,1300.0,You prefer a round ?
TS3012c,B,TS3012c.B.dialog-act.vkaraisk.229,comment-about-understanding,ami_da_12,1670.28,1670.54,260.0,Okay .
TS3012c,B,TS3012c.B.dialog-act.vkaraisk.258,comment-about-understanding,ami_da_12,1859.77,1860.55,780.0,"It can be curved ,"
TS3012c,B,TS3012c.B.dialog-act.vkaraisk.262,comment-about-understanding,ami_da_12,1874.57,1874.84,270.0,Hmm ?
TS3012c,B,TS3012c.B.dialog-act.vkaraisk.272,comment-about-understanding,ami_da_12,1992.53,1994.14,1610.0,"Okay , that's not a problem . Okay ."
TS3012c,B,TS3012c.B.dialog-act.vkaraisk.273,comment-about-understanding,ami_da_12,2003.872,2006.73,2858.0,I think we get the idea .
TS3012c,B,TS3012c.B.dialog-act.vkaraisk.310,comment-about-understanding,ami_da_12,2328.18,2328.55,370.0,Okay .
TS3012c,C,TS3012c.C.dialog-act.vkaraisk.11,comment-about-understanding,ami_da_12,39.48,39.96,480.0,Okay .
TS3012c,C,TS3012c.C.dialog-act.vkaraisk.354,comment-about-understanding,ami_da_12,2313.98,2314.72,740.0,Okay .
TS3012c,C,TS3012c.C.dialog-act.vkaraisk.357,comment-about-understanding,ami_da_12,2316.71,2317.99,1280.0,"okay , clear ."
TS3012c,C,TS3012c.C.dialog-act.vkaraisk.372,comment-about-understanding,ami_da_12,2353.13,2353.33,200.0,Okay .
TS3012c,D,TS3012c.D.dialog-act.vkaraisk.11,comment-about-understanding,ami_da_12,40.02,40.57,550.0,Okay .
TS3012c,D,TS3012c.D.dialog-act.vkaraisk.16,comment-about-understanding,ami_da_12,58.04,58.31,270.0,Oh .
TS3012c,D,TS3012c.D.dialog-act.vkaraisk.19,comment-about-understanding,ami_da_12,95.78,95.94,160.0,Yep .
TS3012c,D,TS3012c.D.dialog-act.vkaraisk.32,comment-about-understanding,ami_da_12,338.52,338.9,380.0,Okay .
TS3012c,D,TS3012c.D.dialog-act.vkaraisk.48,comment-about-understanding,ami_da_12,475.0,477.223,2223.0,"Younger , okay . Yeah , that's okay . Nah , that's"
TS3012c,D,TS3012c.D.dialog-act.vkaraisk.93,comment-about-understanding,ami_da_12,807.6,809.43,1830.0,"Oh in the back , okay ."
TS3012c,D,TS3012c.D.dialog-act.vkaraisk.94,comment-about-understanding,ami_da_12,809.43,810.12,690.0,Oh yeah yeah .
TS3012c,D,TS3012c.D.dialog-act.vkaraisk.96,comment-about-understanding,ami_da_12,815.07,820.63,5560.0,Oh yeah yeah . Okay . Yeah . Yeah yeah . Yeah .
TS3012c,D,TS3012c.D.dialog-act.vkaraisk.158,comment-about-understanding,ami_da_12,1183.92,1184.17,250.0,Two ?
TS3012c,D,TS3012c.D.dialog-act.vkaraisk.164,comment-about-understanding,ami_da_12,1213.68,1214.43,750.0,"Okay , yeah ."
TS3012c,D,TS3012c.D.dialog-act.vkaraisk.196,comment-about-understanding,ami_da_12,1726.14,1726.35,210.0,Oh .
TS3012c,D,TS3012c.D.dialog-act.vkaraisk.204,comment-about-understanding,ami_da_12,1756.63,1757.13,500.0,What ?
TS3012d,A,TS3012d.A.dialog-act.vkaraisk.2,comment-about-understanding,ami_da_12,15.07,15.92,850.0,"Oh , okay ."
TS3012d,A,TS3012d.A.dialog-act.vkaraisk.49,comment-about-understanding,ami_da_12,133.512,135.02,1508.0,What ?
TS3012d,A,TS3012d.A.dialog-act.vkaraisk.50,comment-about-understanding,ami_da_12,136.54,136.95,410.0,Oh
TS3012d,A,TS3012d.A.dialog-act.vkaraisk.215,comment-about-understanding,ami_da_12,662.88,664.82,1940.0,"I say lose the curve . Oh that's true ,"
TS3012d,A,TS3012d.A.dialog-act.vkaraisk.231,comment-about-understanding,ami_da_12,697.91,699.76,1850.0,"You second that , you second that we lose the curve ."
TS3012d,A,TS3012d.A.dialog-act.vkaraisk.232,comment-about-understanding,ami_da_12,704.91,705.54,630.0,"Okay , yeah ."
TS3012d,A,TS3012d.A.dialog-act.vkaraisk.268,comment-about-understanding,ami_da_12,804.47,804.68,210.0,"Yeah ,"
TS3012d,A,TS3012d.A.dialog-act.vkaraisk.284,comment-about-understanding,ami_da_12,866.072,867.52,1448.0,"Have been met , okay ."
TS3012d,A,TS3012d.A.dialog-act.vkaraisk.288,comment-about-understanding,ami_da_12,887.96,888.49,530.0,For the menu .
TS3012d,A,TS3012d.A.dialog-act.vkaraisk.384,comment-about-understanding,ami_da_12,1195.49,1196.08,590.0,We don't have it
TS3012d,A,TS3012d.A.dialog-act.vkaraisk.403,comment-about-understanding,ami_da_12,1287.18,1288.02,840.0,Two and two thirds .
TS3012d,A,TS3012d.A.dialog-act.vkaraisk.484,comment-about-understanding,ami_da_12,1579.44,1579.85,410.0,"Okay ,"
TS3012d,A,TS3012d.A.dialog-act.vkaraisk.487,comment-about-understanding,ami_da_12,1585.68,1586.21,530.0,Okay .
TS3012d,A,TS3012d.A.dialog-act.vkaraisk.491,comment-about-understanding,ami_da_12,1592.74,1596.1,3360.0,"it's understandable , okay ."
TS3012d,A,TS3012d.A.dialog-act.vkaraisk.512,comment-about-understanding,ami_da_12,1655.68,1656.24,560.0,Oh okay .
TS3012d,A,TS3012d.A.dialog-act.vkaraisk.544,comment-about-understanding,ami_da_12,1745.53,1746.04,510.0,"Okay ,"
TS3012d,A,TS3012d.A.dialog-act.vkaraisk.559,comment-about-understanding,ami_da_12,1782.94,1783.65,710.0,What ? Fruit ?
TS3012d,A,TS3012d.A.dialog-act.vkaraisk.576,comment-about-understanding,ami_da_12,1861.6,1862.46,860.0,Real reactor ?
TS3012d,B,TS3012d.B.dialog-act.vkaraisk.38,comment-about-understanding,ami_da_12,372.87,373.44,570.0,Okay .
TS3012d,B,TS3012d.B.dialog-act.vkaraisk.45,comment-about-understanding,ami_da_12,508.99,509.34,350.0,okay .
TS3012d,B,TS3012d.B.dialog-act.vkaraisk.129,comment-about-understanding,ami_da_12,1586.12,1587.49,1370.0,Oh can you ? Okay .
TS3012d,B,TS3012d.B.dialog-act.vkaraisk.145,comment-about-understanding,ami_da_12,1722.056,1726.5,4444.0,Yeah .
TS3012d,B,TS3012d.B.dialog-act.vkaraisk.146,comment-about-understanding,ami_da_12,1763.72,1764.63,910.0,Product name .
TS3012d,B,TS3012d.B.dialog-act.vkaraisk.170,comment-about-understanding,ami_da_12,1972.96,1973.74,780.0,Dash C_ ?
TS3012d,B,TS3012d.B.dialog-act.vkaraisk.179,comment-about-understanding,ami_da_12,2042.12,2042.64,520.0,Triple R_ ?
TS3012d,C,TS3012d.C.dialog-act.vkaraisk.18,comment-about-understanding,ami_da_12,371.0,371.2,200.0,"Okay ,"
TS3012d,C,TS3012d.C.dialog-act.vkaraisk.45,comment-about-understanding,ami_da_12,500.16,500.39,230.0,"Okay ,"
TS3012d,C,TS3012d.C.dialog-act.vkaraisk.106,comment-about-understanding,ami_da_12,1070.78,1070.99,210.0,Yes .
TS3012d,C,TS3012d.C.dialog-act.vkaraisk.155,comment-about-understanding,ami_da_12,1548.23,1548.33,100.0,Oh .
TS3012d,C,TS3012d.C.dialog-act.vkaraisk.156,comment-about-understanding,ami_da_12,1553.36,1553.62,260.0,"Okay ,"
TS3012d,C,TS3012d.C.dialog-act.vkaraisk.161,comment-about-understanding,ami_da_12,1569.23,1569.42,190.0,"Okay ,"
TS3012d,C,TS3012d.C.dialog-act.vkaraisk.213,comment-about-understanding,ami_da_12,1927.016,1927.368,352.0,?
TS3012d,C,TS3012d.C.dialog-act.vkaraisk.264,comment-about-understanding,ami_da_12,2248.64,2248.92,280.0,Okay .
TS3012d,C,TS3012d.C.dialog-act.vkaraisk.271,comment-about-understanding,ami_da_12,2277.476,2278.32,844.0,Okay .
TS3012d,D,TS3012d.D.dialog-act.vkaraisk.2,comment-about-understanding,ami_da_12,135.38,135.54,160.0,Hmm ?
TS3012d,D,TS3012d.D.dialog-act.vkaraisk.9,comment-about-understanding,ami_da_12,331.22,332.08,860.0,"Special colour , yeah ."
TS3012d,D,TS3012d.D.dialog-act.vkaraisk.28,comment-about-understanding,ami_da_12,532.45,533.11,660.0,"Okay , yeah ."
TS3012d,D,TS3012d.D.dialog-act.vkaraisk.74,comment-about-understanding,ami_da_12,912.2,912.77,570.0,"Oh yeah ,"
TS3012d,D,TS3012d.D.dialog-act.vkaraisk.113,comment-about-understanding,ami_da_12,1049.77,1050.96,1190.0,"oh , yeah ."
TS3012d,D,TS3012d.D.dialog-act.vkaraisk.116,comment-about-understanding,ami_da_12,1060.7,1061.12,420.0,What uh ?
TS3012d,D,TS3012d.D.dialog-act.vkaraisk.117,comment-about-understanding,ami_da_12,1069.1,1070.65,1550.0,"Oh , in the L_C_D_ screen ."
TS3012d,D,TS3012d.D.dialog-act.vkaraisk.205,comment-about-understanding,ami_da_12,1565.66,1566.84,1180.0,"Oh , okay ."
TS3012d,D,TS3012d.D.dialog-act.vkaraisk.206,comment-about-understanding,ami_da_12,1569.33,1570.25,920.0,"Okay , yeah ."
TS3012d,D,TS3012d.D.dialog-act.vkaraisk.208,comment-about-understanding,ami_da_12,1582.84,1583.08,240.0,Oh .
TS3012d,D,TS3012d.D.dialog-act.vkaraisk.232,comment-about-understanding,ami_da_12,1789.0,1790.633,1633.0,"Yeah oh , yeah ."
TS3012d,D,TS3012d.D.dialog-act.vkaraisk.242,comment-about-understanding,ami_da_12,1910.404,1911.73,1326.0,The banana .
TS3012d,D,TS3012d.D.dialog-act.vkaraisk.289,comment-about-understanding,ami_da_12,2277.43,2277.92,490.0,Okay .
